Journey,Activity,Card Index,Card Type,Severity,Issue,Details
"divorced_anniversaries_occasions","act_1_emotional_calendar",3,"question","error","Invalid prompt format","Prompt 0 is not a dict: <class 'str'>"
"divorced_anniversaries_occasions","act_1_emotional_calendar",3,"question","error","Invalid prompt format","Prompt 1 is not a dict: <class 'str'>"
"divorced_anniversaries_occasions","act_1_emotional_calendar",3,"question","error","Invalid prompt format","Prompt 2 is not a dict: <class 'str'>"
"divorced_anniversaries_occasions","act_1_emotional_calendar",3,"question","error","Invalid prompt format","Prompt 3 is not a dict: <class 'str'>"
"divorced_anniversaries_occasions","act_1_emotional_calendar",3,"question","error","Invalid prompt format","Prompt 4 is not a dict: <class 'str'>"
"divorced_anniversaries_occasions","act_1_emotional_calendar",3,"question","error","Invalid prompt format","Prompt 5 is not a dict: <class 'str'>"
"divorced_anniversaries_occasions","act_1_emotional_calendar",3,"question","error","Invalid prompt format","Prompt 6 is not a dict: <class 'str'>"
"divorced_anniversaries_occasions","act_1_emotional_calendar",3,"question","error","Invalid prompt format","Prompt 7 is not a dict: <class 'str'>"
"divorced_coparenting","act_1_children_first",3,"question","error","Invalid prompt format","Prompt 0 is not a dict: <class 'str'>"
"divorced_coparenting","act_1_children_first",3,"question","error","Invalid prompt format","Prompt 1 is not a dict: <class 'str'>"
"divorced_coparenting","act_1_children_first",3,"question","error","Invalid prompt format","Prompt 2 is not a dict: <class 'str'>"
"divorced_coparenting","act_1_children_first",3,"question","error","Invalid prompt format","Prompt 3 is not a dict: <class 'str'>"
"divorced_coparenting","act_1_children_first",3,"question","error","Invalid prompt format","Prompt 4 is not a dict: <class 'str'>"
"divorced_coparenting","act_1_children_first",3,"question","error","Invalid prompt format","Prompt 5 is not a dict: <class 'str'>"
"divorced_coparenting","act_1_children_first",3,"question","error","Invalid prompt format","Prompt 6 is not a dict: <class 'str'>"
"divorced_dating_again","act_1_dating_again_realities",3,"question","error","Invalid prompt format","Prompt 0 is not a dict: <class 'str'>"
"divorced_dating_again","act_1_dating_again_realities",3,"question","error","Invalid prompt format","Prompt 1 is not a dict: <class 'str'>"
"divorced_dating_again","act_1_dating_again_realities",3,"question","error","Invalid prompt format","Prompt 2 is not a dict: <class 'str'>"
"divorced_dating_again","act_1_dating_again_realities",3,"question","error","Invalid prompt format","Prompt 3 is not a dict: <class 'str'>"
"divorced_dating_again","act_1_dating_again_realities",3,"question","error","Invalid prompt format","Prompt 4 is not a dict: <class 'str'>"
"divorced_dating_again","act_1_dating_again_realities",3,"question","error","Invalid prompt format","Prompt 5 is not a dict: <class 'str'>"
"divorced_developing_trust","act_1_trust_damage",3,"question","error","Invalid prompt format","Prompt 0 is not a dict: <class 'str'>"
"divorced_developing_trust","act_1_trust_damage",3,"question","error","Invalid prompt format","Prompt 1 is not a dict: <class 'str'>"
"divorced_developing_trust","act_1_trust_damage",3,"question","error","Invalid prompt format","Prompt 2 is not a dict: <class 'str'>"
"divorced_developing_trust","act_1_trust_damage",3,"question","error","Invalid prompt format","Prompt 3 is not a dict: <class 'str'>"
"divorced_developing_trust","act_1_trust_damage",3,"question","error","Invalid prompt format","Prompt 4 is not a dict: <class 'str'>"
"divorced_developing_trust","act_1_trust_damage",3,"question","error","Invalid prompt format","Prompt 5 is not a dict: <class 'str'>"
"divorced_discerning_healthy_love","act_1_confused_about_love",3,"question","error","Invalid prompt format","Prompt 0 is not a dict: <class 'str'>"
"divorced_discerning_healthy_love","act_1_confused_about_love",3,"question","error","Invalid prompt format","Prompt 1 is not a dict: <class 'str'>"
"divorced_discerning_healthy_love","act_1_confused_about_love",3,"question","error","Invalid prompt format","Prompt 2 is not a dict: <class 'str'>"
"divorced_discerning_healthy_love","act_1_confused_about_love",3,"question","error","Invalid prompt format","Prompt 3 is not a dict: <class 'str'>"
"divorced_discerning_healthy_love","act_1_confused_about_love",3,"question","error","Invalid prompt format","Prompt 4 is not a dict: <class 'str'>"
"divorced_emotional_readiness","act_1_ready_or_wanting",3,"question","error","Invalid prompt format","Prompt 0 is not a dict: <class 'str'>"
"divorced_emotional_readiness","act_1_ready_or_wanting",3,"question","error","Invalid prompt format","Prompt 1 is not a dict: <class 'str'>"
"divorced_emotional_readiness","act_1_ready_or_wanting",3,"question","error","Invalid prompt format","Prompt 2 is not a dict: <class 'str'>"
"divorced_emotional_readiness","act_1_ready_or_wanting",3,"question","error","Invalid prompt format","Prompt 3 is not a dict: <class 'str'>"
"divorced_emotional_readiness","act_1_ready_or_wanting",3,"question","error","Invalid prompt format","Prompt 4 is not a dict: <class 'str'>"
"divorced_emotional_readiness","act_1_ready_or_wanting",3,"question","error","Invalid prompt format","Prompt 5 is not a dict: <class 'str'>"
"divorced_ex_moves_on","act_1_the_sting",3,"question","error","Invalid prompt format","Prompt 0 is not a dict: <class 'str'>"
"divorced_ex_moves_on","act_1_the_sting",3,"question","error","Invalid prompt format","Prompt 1 is not a dict: <class 'str'>"
"divorced_ex_moves_on","act_1_the_sting",3,"question","error","Invalid prompt format","Prompt 2 is not a dict: <class 'str'>"
"divorced_ex_moves_on","act_1_the_sting",3,"question","error","Invalid prompt format","Prompt 3 is not a dict: <class 'str'>"
"divorced_ex_moves_on","act_1_the_sting",3,"question","error","Invalid prompt format","Prompt 4 is not a dict: <class 'str'>"
"divorced_ex_moves_on","act_1_the_sting",3,"question","error","Invalid prompt format","Prompt 5 is not a dict: <class 'str'>"
"divorced_ex_moves_on","act_1_the_sting",3,"question","error","Invalid prompt format","Prompt 6 is not a dict: <class 'str'>"
"divorced_faith_church_community","act_1_faith_after_divorce",3,"question","error","Invalid prompt format","Prompt 0 is not a dict: <class 'str'>"
"divorced_faith_church_community","act_1_faith_after_divorce",3,"question","error","Invalid prompt format","Prompt 1 is not a dict: <class 'str'>"
"divorced_faith_church_community","act_1_faith_after_divorce",3,"question","error","Invalid prompt format","Prompt 2 is not a dict: <class 'str'>"
"divorced_faith_church_community","act_1_faith_after_divorce",3,"question","error","Invalid prompt format","Prompt 3 is not a dict: <class 'str'>"
"divorced_faith_church_community","act_1_faith_after_divorce",3,"question","error","Invalid prompt format","Prompt 4 is not a dict: <class 'str'>"
"divorced_faith_church_community","act_1_faith_after_divorce",3,"question","error","Invalid prompt format","Prompt 5 is not a dict: <class 'str'>"
"divorced_faith_church_community","act_1_faith_after_divorce",3,"question","error","Invalid prompt format","Prompt 6 is not a dict: <class 'str'>"
"divorced_faith_church_community","act_5_church_challenges",4,"question","error","Invalid prompt format","Prompt 0 is not a dict: <class 'str'>"
"divorced_faith_church_community","act_5_church_challenges",4,"question","error","Invalid prompt format","Prompt 1 is not a dict: <class 'str'>"
"divorced_faith_church_community","act_5_church_challenges",4,"question","error","Invalid prompt format","Prompt 2 is not a dict: <class 'str'>"
"divorced_faith_church_community","act_5_church_challenges",4,"question","error","Invalid prompt format","Prompt 3 is not a dict: <class 'str'>"
"divorced_faith_church_community","act_5_church_challenges",4,"question","error","Invalid prompt format","Prompt 4 is not a dict: <class 'str'>"
"divorced_faith_church_community","act_5_church_challenges",4,"question","error","Invalid prompt format","Prompt 5 is not a dict: <class 'str'>"
"divorced_faith_church_community","act_5_church_challenges",4,"question","error","Invalid prompt format","Prompt 6 is not a dict: <class 'str'>"
"divorced_faith_church_community","act_7_spiritual_practices",4,"question","error","Invalid prompt format","Prompt 0 is not a dict: <class 'str'>"
"divorced_faith_church_community","act_7_spiritual_practices",4,"question","error","Invalid prompt format","Prompt 1 is not a dict: <class 'str'>"
"divorced_faith_church_community","act_7_spiritual_practices",4,"question","error","Invalid prompt format","Prompt 2 is not a dict: <class 'str'>"
"divorced_faith_church_community","act_7_spiritual_practices",4,"question","error","Invalid prompt format","Prompt 3 is not a dict: <class 'str'>"
"divorced_faith_church_community","act_7_spiritual_practices",4,"question","error","Invalid prompt format","Prompt 4 is not a dict: <class 'str'>"
"divorced_faith_church_community","act_7_spiritual_practices",4,"question","error","Invalid prompt format","Prompt 5 is not a dict: <class 'str'>"
"divorced_faith_church_community","act_7_spiritual_practices",4,"question","error","Invalid prompt format","Prompt 6 is not a dict: <class 'str'>"
"divorced_faith_church_community","act_7_spiritual_practices",4,"question","error","Invalid prompt format","Prompt 7 is not a dict: <class 'str'>"
"divorced_financial_recovery","act_1_financial_reality",3,"question","error","Invalid prompt format","Prompt 0 is not a dict: <class 'str'>"
"divorced_financial_recovery","act_1_financial_reality",3,"question","error","Invalid prompt format","Prompt 1 is not a dict: <class 'str'>"
"divorced_financial_recovery","act_1_financial_reality",3,"question","error","Invalid prompt format","Prompt 2 is not a dict: <class 'str'>"
"divorced_financial_recovery","act_1_financial_reality",3,"question","error","Invalid prompt format","Prompt 3 is not a dict: <class 'str'>"
"divorced_financial_recovery","act_1_financial_reality",3,"question","error","Invalid prompt format","Prompt 4 is not a dict: <class 'str'>"
"divorced_financial_recovery","act_1_financial_reality",3,"question","error","Invalid prompt format","Prompt 5 is not a dict: <class 'str'>"
"divorced_financial_recovery","act_1_financial_reality",3,"question","error","Invalid prompt format","Prompt 6 is not a dict: <class 'str'>"
"divorced_financial_recovery","act_6_income_growth",4,"question","error","Invalid prompt format","Prompt 0 is not a dict: <class 'str'>"
"divorced_financial_recovery","act_6_income_growth",4,"question","error","Invalid prompt format","Prompt 1 is not a dict: <class 'str'>"
"divorced_financial_recovery","act_6_income_growth",4,"question","error","Invalid prompt format","Prompt 2 is not a dict: <class 'str'>"
"divorced_financial_recovery","act_6_income_growth",4,"question","error","Invalid prompt format","Prompt 3 is not a dict: <class 'str'>"
"divorced_financial_recovery","act_6_income_growth",4,"question","error","Invalid prompt format","Prompt 4 is not a dict: <class 'str'>"
"divorced_financial_recovery","act_6_income_growth",4,"question","error","Invalid prompt format","Prompt 5 is not a dict: <class 'str'>"
"divorced_financial_recovery","act_6_income_growth",4,"question","error","Invalid prompt format","Prompt 6 is not a dict: <class 'str'>"
"divorced_financial_recovery","act_6_income_growth",4,"question","error","Invalid prompt format","Prompt 7 is not a dict: <class 'str'>"
"divorced_healing_restoration","act_1_beyond_surviving",3,"question","error","Invalid prompt format","Prompt 0 is not a dict: <class 'str'>"
"divorced_healing_restoration","act_1_beyond_surviving",3,"question","error","Invalid prompt format","Prompt 1 is not a dict: <class 'str'>"
"divorced_healing_restoration","act_1_beyond_surviving",3,"question","error","Invalid prompt format","Prompt 2 is not a dict: <class 'str'>"
"divorced_healing_restoration","act_1_beyond_surviving",3,"question","error","Invalid prompt format","Prompt 3 is not a dict: <class 'str'>"
"divorced_healing_restoration","act_1_beyond_surviving",3,"question","error","Invalid prompt format","Prompt 4 is not a dict: <class 'str'>"
"divorced_healing_restoration","act_1_beyond_surviving",3,"question","error","Invalid prompt format","Prompt 5 is not a dict: <class 'str'>"
"divorced_healing_restoration","act_2_assessing_damage",3,"question","error","Invalid prompt format","Prompt 0 is not a dict: <class 'str'>"
"divorced_healing_restoration","act_2_assessing_damage",3,"question","error","Invalid prompt format","Prompt 1 is not a dict: <class 'str'>"
"divorced_healing_restoration","act_2_assessing_damage",3,"question","error","Invalid prompt format","Prompt 2 is not a dict: <class 'str'>"
"divorced_healing_restoration","act_2_assessing_damage",3,"question","error","Invalid prompt format","Prompt 3 is not a dict: <class 'str'>"
"divorced_healing_restoration","act_2_assessing_damage",3,"question","error","Invalid prompt format","Prompt 4 is not a dict: <class 'str'>"
"divorced_healing_restoration","act_2_assessing_damage",3,"question","error","Invalid prompt format","Prompt 5 is not a dict: <class 'str'>"
"divorced_healing_restoration","act_2_assessing_damage",3,"question","error","Invalid prompt format","Prompt 6 is not a dict: <class 'str'>"
"divorced_healing_restoration","act_2_assessing_damage",3,"question","error","Invalid prompt format","Prompt 7 is not a dict: <class 'str'>"
"divorced_healing_restoration","act_4_spiritual_restoration",4,"question","error","Invalid prompt format","Prompt 0 is not a dict: <class 'str'>"
"divorced_healing_restoration","act_4_spiritual_restoration",4,"question","error","Invalid prompt format","Prompt 1 is not a dict: <class 'str'>"
"divorced_healing_restoration","act_4_spiritual_restoration",4,"question","error","Invalid prompt format","Prompt 2 is not a dict: <class 'str'>"
"divorced_healing_restoration","act_4_spiritual_restoration",4,"question","error","Invalid prompt format","Prompt 3 is not a dict: <class 'str'>"
"divorced_healing_restoration","act_4_spiritual_restoration",4,"question","error","Invalid prompt format","Prompt 4 is not a dict: <class 'str'>"
"divorced_healing_restoration","act_4_spiritual_restoration",4,"question","error","Invalid prompt format","Prompt 5 is not a dict: <class 'str'>"
"divorced_healing_restoration","act_4_spiritual_restoration",4,"question","error","Invalid prompt format","Prompt 6 is not a dict: <class 'str'>"
"divorced_healing_restoration","act_4_spiritual_restoration",4,"question","error","Invalid prompt format","Prompt 7 is not a dict: <class 'str'>"
"divorced_healing_restoration","act_6_rebuilding_relationships",4,"question","error","Invalid prompt format","Prompt 0 is not a dict: <class 'str'>"
"divorced_healing_restoration","act_6_rebuilding_relationships",4,"question","error","Invalid prompt format","Prompt 1 is not a dict: <class 'str'>"
"divorced_healing_restoration","act_6_rebuilding_relationships",4,"question","error","Invalid prompt format","Prompt 2 is not a dict: <class 'str'>"
"divorced_healing_restoration","act_6_rebuilding_relationships",4,"question","error","Invalid prompt format","Prompt 3 is not a dict: <class 'str'>"
"divorced_healing_restoration","act_6_rebuilding_relationships",4,"question","error","Invalid prompt format","Prompt 4 is not a dict: <class 'str'>"
"divorced_healing_restoration","act_6_rebuilding_relationships",4,"question","error","Invalid prompt format","Prompt 5 is not a dict: <class 'str'>"
"divorced_healing_restoration","act_6_rebuilding_relationships",4,"question","error","Invalid prompt format","Prompt 6 is not a dict: <class 'str'>"
"divorced_identity_selfworth","act_1_identity_crisis",3,"question","error","Invalid prompt format","Prompt 0 is not a dict: <class 'str'>"
"divorced_identity_selfworth","act_1_identity_crisis",3,"question","error","Invalid prompt format","Prompt 1 is not a dict: <class 'str'>"
"divorced_identity_selfworth","act_1_identity_crisis",3,"question","error","Invalid prompt format","Prompt 2 is not a dict: <class 'str'>"
"divorced_identity_selfworth","act_1_identity_crisis",3,"question","error","Invalid prompt format","Prompt 3 is not a dict: <class 'str'>"
"divorced_identity_selfworth","act_1_identity_crisis",3,"question","error","Invalid prompt format","Prompt 4 is not a dict: <class 'str'>"
"divorced_identity_selfworth","act_1_identity_crisis",3,"question","error","Invalid prompt format","Prompt 5 is not a dict: <class 'str'>"
"divorced_identity_selfworth","act_2_who_you_were",4,"question","error","Invalid prompt format","Prompt 0 is not a dict: <class 'str'>"
"divorced_identity_selfworth","act_2_who_you_were",4,"question","error","Invalid prompt format","Prompt 1 is not a dict: <class 'str'>"
"divorced_identity_selfworth","act_2_who_you_were",4,"question","error","Invalid prompt format","Prompt 2 is not a dict: <class 'str'>"
"divorced_identity_selfworth","act_2_who_you_were",4,"question","error","Invalid prompt format","Prompt 3 is not a dict: <class 'str'>"
"divorced_identity_selfworth","act_2_who_you_were",4,"question","error","Invalid prompt format","Prompt 4 is not a dict: <class 'str'>"
"divorced_identity_selfworth","act_2_who_you_were",4,"question","error","Invalid prompt format","Prompt 5 is not a dict: <class 'str'>"
"divorced_identity_selfworth","act_2_who_you_were",4,"question","error","Invalid prompt format","Prompt 6 is not a dict: <class 'str'>"
"divorced_identity_selfworth","act_2_who_you_were",4,"question","error","Invalid prompt format","Prompt 7 is not a dict: <class 'str'>"
"divorced_identity_selfworth","act_4_unique_design",4,"question","error","Invalid prompt format","Prompt 0 is not a dict: <class 'str'>"
"divorced_identity_selfworth","act_4_unique_design",4,"question","error","Invalid prompt format","Prompt 1 is not a dict: <class 'str'>"
"divorced_identity_selfworth","act_4_unique_design",4,"question","error","Invalid prompt format","Prompt 2 is not a dict: <class 'str'>"
"divorced_identity_selfworth","act_4_unique_design",4,"question","error","Invalid prompt format","Prompt 3 is not a dict: <class 'str'>"
"divorced_identity_selfworth","act_4_unique_design",4,"question","error","Invalid prompt format","Prompt 4 is not a dict: <class 'str'>"
"divorced_identity_selfworth","act_4_unique_design",4,"question","error","Invalid prompt format","Prompt 5 is not a dict: <class 'str'>"
"divorced_identity_selfworth","act_4_unique_design",4,"question","error","Invalid prompt format","Prompt 6 is not a dict: <class 'str'>"
"divorced_identity_selfworth","act_4_unique_design",4,"question","error","Invalid prompt format","Prompt 7 is not a dict: <class 'str'>"
"divorced_identity_selfworth","act_4_unique_design",4,"question","error","Invalid prompt format","Prompt 8 is not a dict: <class 'str'>"
"divorced_identity_selfworth","act_4_unique_design",4,"question","error","Invalid prompt format","Prompt 9 is not a dict: <class 'str'>"
"divorced_identity_selfworth","act_8_confidence_rebuilding",4,"question","error","Invalid prompt format","Prompt 0 is not a dict: <class 'str'>"
"divorced_identity_selfworth","act_8_confidence_rebuilding",4,"question","error","Invalid prompt format","Prompt 1 is not a dict: <class 'str'>"
"divorced_identity_selfworth","act_8_confidence_rebuilding",4,"question","error","Invalid prompt format","Prompt 2 is not a dict: <class 'str'>"
"divorced_identity_selfworth","act_8_confidence_rebuilding",4,"question","error","Invalid prompt format","Prompt 3 is not a dict: <class 'str'>"
"divorced_identity_selfworth","act_8_confidence_rebuilding",4,"question","error","Invalid prompt format","Prompt 4 is not a dict: <class 'str'>"
"divorced_identity_selfworth","act_8_confidence_rebuilding",4,"question","error","Invalid prompt format","Prompt 5 is not a dict: <class 'str'>"
"divorced_identity_selfworth","act_8_confidence_rebuilding",4,"question","error","Invalid prompt format","Prompt 6 is not a dict: <class 'str'>"
"divorced_letting_go_resentment","act_1_cost_of_holding_on",3,"question","error","Invalid prompt format","Prompt 0 is not a dict: <class 'str'>"
"divorced_letting_go_resentment","act_1_cost_of_holding_on",3,"question","error","Invalid prompt format","Prompt 1 is not a dict: <class 'str'>"
"divorced_letting_go_resentment","act_1_cost_of_holding_on",3,"question","error","Invalid prompt format","Prompt 2 is not a dict: <class 'str'>"
"divorced_letting_go_resentment","act_1_cost_of_holding_on",3,"question","error","Invalid prompt format","Prompt 3 is not a dict: <class 'str'>"
"divorced_letting_go_resentment","act_1_cost_of_holding_on",3,"question","error","Invalid prompt format","Prompt 4 is not a dict: <class 'str'>"
"divorced_letting_go_resentment","act_1_cost_of_holding_on",3,"question","error","Invalid prompt format","Prompt 5 is not a dict: <class 'str'>"
"divorced_letting_go_resentment","act_3_what_forgiveness_is",4,"question","error","Invalid prompt format","Prompt 0 is not a dict: <class 'str'>"
"divorced_letting_go_resentment","act_3_what_forgiveness_is",4,"question","error","Invalid prompt format","Prompt 1 is not a dict: <class 'str'>"
"divorced_letting_go_resentment","act_3_what_forgiveness_is",4,"question","error","Invalid prompt format","Prompt 2 is not a dict: <class 'str'>"
"divorced_letting_go_resentment","act_3_what_forgiveness_is",4,"question","error","Invalid prompt format","Prompt 3 is not a dict: <class 'str'>"
"divorced_letting_go_resentment","act_3_what_forgiveness_is",4,"question","error","Invalid prompt format","Prompt 4 is not a dict: <class 'str'>"
"divorced_letting_go_resentment","act_3_what_forgiveness_is",4,"question","error","Invalid prompt format","Prompt 5 is not a dict: <class 'str'>"
"divorced_letting_go_resentment","act_3_what_forgiveness_is",4,"question","error","Invalid prompt format","Prompt 6 is not a dict: <class 'str'>"
"divorced_letting_go_resentment","act_3_what_forgiveness_is",4,"question","error","Invalid prompt format","Prompt 7 is not a dict: <class 'str'>"
"divorced_letting_go_resentment","act_8_handling_conflict",4,"question","error","Invalid prompt format","Prompt 0 is not a dict: <class 'str'>"
"divorced_letting_go_resentment","act_8_handling_conflict",4,"question","error","Invalid prompt format","Prompt 1 is not a dict: <class 'str'>"
"divorced_letting_go_resentment","act_8_handling_conflict",4,"question","error","Invalid prompt format","Prompt 2 is not a dict: <class 'str'>"
"divorced_letting_go_resentment","act_8_handling_conflict",4,"question","error","Invalid prompt format","Prompt 3 is not a dict: <class 'str'>"
"divorced_letting_go_resentment","act_8_handling_conflict",4,"question","error","Invalid prompt format","Prompt 4 is not a dict: <class 'str'>"
"divorced_letting_go_resentment","act_8_handling_conflict",4,"question","error","Invalid prompt format","Prompt 5 is not a dict: <class 'str'>"
"divorced_letting_go_resentment","act_8_handling_conflict",4,"question","error","Invalid prompt format","Prompt 6 is not a dict: <class 'str'>"
"divorced_preparing_new_covenant","act_1_covenant_meaning",3,"question","error","Invalid prompt format","Prompt 0 is not a dict: <class 'str'>"
"divorced_preparing_new_covenant","act_1_covenant_meaning",3,"question","error","Invalid prompt format","Prompt 1 is not a dict: <class 'str'>"
"divorced_preparing_new_covenant","act_1_covenant_meaning",3,"question","error","Invalid prompt format","Prompt 2 is not a dict: <class 'str'>"
"divorced_preparing_new_covenant","act_1_covenant_meaning",3,"question","error","Invalid prompt format","Prompt 3 is not a dict: <class 'str'>"
"divorced_preparing_new_covenant","act_1_covenant_meaning",3,"question","error","Invalid prompt format","Prompt 4 is not a dict: <class 'str'>"
"divorced_processing_pain","act_1_permission_to_grieve",3,"question","error","Invalid prompt format","Prompt 0 is not a dict: <class 'str'>"
"divorced_processing_pain","act_1_permission_to_grieve",3,"question","error","Invalid prompt format","Prompt 1 is not a dict: <class 'str'>"
"divorced_processing_pain","act_1_permission_to_grieve",3,"question","error","Invalid prompt format","Prompt 2 is not a dict: <class 'str'>"
"divorced_processing_pain","act_1_permission_to_grieve",3,"question","error","Invalid prompt format","Prompt 3 is not a dict: <class 'str'>"
"divorced_processing_pain","act_1_permission_to_grieve",3,"question","error","Invalid prompt format","Prompt 4 is not a dict: <class 'str'>"
"divorced_processing_pain","act_1_permission_to_grieve",3,"question","error","Invalid prompt format","Prompt 5 is not a dict: <class 'str'>"
"divorced_processing_pain","act_1_permission_to_grieve",3,"question","error","Invalid prompt format","Prompt 6 is not a dict: <class 'str'>"
"divorced_processing_pain","act_2_emotions_of_divorce",4,"question","error","Invalid prompt format","Prompt 0 is not a dict: <class 'str'>"
"divorced_processing_pain","act_2_emotions_of_divorce",4,"question","error","Invalid prompt format","Prompt 1 is not a dict: <class 'str'>"
"divorced_processing_pain","act_2_emotions_of_divorce",4,"question","error","Invalid prompt format","Prompt 2 is not a dict: <class 'str'>"
"divorced_processing_pain","act_2_emotions_of_divorce",4,"question","error","Invalid prompt format","Prompt 3 is not a dict: <class 'str'>"
"divorced_processing_pain","act_2_emotions_of_divorce",4,"question","error","Invalid prompt format","Prompt 4 is not a dict: <class 'str'>"
"divorced_processing_pain","act_2_emotions_of_divorce",4,"question","error","Invalid prompt format","Prompt 5 is not a dict: <class 'str'>"
"divorced_processing_pain","act_2_emotions_of_divorce",4,"question","error","Invalid prompt format","Prompt 6 is not a dict: <class 'str'>"
"divorced_processing_pain","act_2_emotions_of_divorce",4,"question","error","Invalid prompt format","Prompt 7 is not a dict: <class 'str'>"
"divorced_processing_pain","act_2_emotions_of_divorce",4,"question","error","Invalid prompt format","Prompt 8 is not a dict: <class 'str'>"
"divorced_processing_pain","act_5_processing_anger",4,"question","error","Invalid prompt format","Prompt 0 is not a dict: <class 'str'>"
"divorced_processing_pain","act_5_processing_anger",4,"question","error","Invalid prompt format","Prompt 1 is not a dict: <class 'str'>"
"divorced_processing_pain","act_5_processing_anger",4,"question","error","Invalid prompt format","Prompt 2 is not a dict: <class 'str'>"
"divorced_processing_pain","act_5_processing_anger",4,"question","error","Invalid prompt format","Prompt 3 is not a dict: <class 'str'>"
"divorced_processing_pain","act_5_processing_anger",4,"question","error","Invalid prompt format","Prompt 4 is not a dict: <class 'str'>"
"divorced_processing_pain","act_5_processing_anger",4,"question","error","Invalid prompt format","Prompt 5 is not a dict: <class 'str'>"
"divorced_processing_pain","act_5_processing_anger",4,"question","error","Invalid prompt format","Prompt 6 is not a dict: <class 'str'>"
"divorced_processing_pain","act_8_loneliness",4,"question","error","Invalid prompt format","Prompt 0 is not a dict: <class 'str'>"
"divorced_processing_pain","act_8_loneliness",4,"question","error","Invalid prompt format","Prompt 1 is not a dict: <class 'str'>"
"divorced_processing_pain","act_8_loneliness",4,"question","error","Invalid prompt format","Prompt 2 is not a dict: <class 'str'>"
"divorced_processing_pain","act_8_loneliness",4,"question","error","Invalid prompt format","Prompt 3 is not a dict: <class 'str'>"
"divorced_processing_pain","act_8_loneliness",4,"question","error","Invalid prompt format","Prompt 4 is not a dict: <class 'str'>"
"divorced_processing_pain","act_8_loneliness",4,"question","error","Invalid prompt format","Prompt 5 is not a dict: <class 'str'>"
"divorced_processing_pain","act_8_loneliness",4,"question","error","Invalid prompt format","Prompt 6 is not a dict: <class 'str'>"
"divorced_processing_pain","act_8_loneliness",4,"question","error","Invalid prompt format","Prompt 7 is not a dict: <class 'str'>"
"divorced_toxic_patterns","act_1_patterns_matter",3,"question","error","Invalid prompt format","Prompt 0 is not a dict: <class 'str'>"
"divorced_toxic_patterns","act_1_patterns_matter",3,"question","error","Invalid prompt format","Prompt 1 is not a dict: <class 'str'>"
"divorced_toxic_patterns","act_1_patterns_matter",3,"question","error","Invalid prompt format","Prompt 2 is not a dict: <class 'str'>"
"divorced_toxic_patterns","act_1_patterns_matter",3,"question","error","Invalid prompt format","Prompt 3 is not a dict: <class 'str'>"
"divorced_toxic_patterns","act_1_patterns_matter",3,"question","error","Invalid prompt format","Prompt 4 is not a dict: <class 'str'>"
"divorced_understanding_what_went_wrong","act_1_why_understanding_matters",3,"question","error","Invalid prompt format","Prompt 0 is not a dict: <class 'str'>"
"divorced_understanding_what_went_wrong","act_1_why_understanding_matters",3,"question","error","Invalid prompt format","Prompt 1 is not a dict: <class 'str'>"
"divorced_understanding_what_went_wrong","act_1_why_understanding_matters",3,"question","error","Invalid prompt format","Prompt 2 is not a dict: <class 'str'>"
"divorced_understanding_what_went_wrong","act_1_why_understanding_matters",3,"question","error","Invalid prompt format","Prompt 3 is not a dict: <class 'str'>"
"divorced_understanding_what_went_wrong","act_1_why_understanding_matters",3,"question","error","Invalid prompt format","Prompt 4 is not a dict: <class 'str'>"
"divorced_understanding_what_went_wrong","act_1_why_understanding_matters",3,"question","error","Invalid prompt format","Prompt 5 is not a dict: <class 'str'>"
"divorced_understanding_what_went_wrong","act_1_why_understanding_matters",3,"question","error","Invalid prompt format","Prompt 6 is not a dict: <class 'str'>"
"married_communication_conflict","act_1_communication_crossroads",2,"question","error","Invalid prompt format","Prompt 0 is not a dict: <class 'str'>"
"married_communication_conflict","act_1_communication_crossroads",2,"question","error","Invalid prompt format","Prompt 1 is not a dict: <class 'str'>"
"married_communication_conflict","act_1_communication_crossroads",2,"question","error","Invalid prompt format","Prompt 2 is not a dict: <class 'str'>"
"married_communication_conflict","act_1_communication_crossroads",2,"question","error","Invalid prompt format","Prompt 3 is not a dict: <class 'str'>"
"married_communication_conflict","act_1_communication_crossroads",2,"question","error","Invalid prompt format","Prompt 4 is not a dict: <class 'str'>"
"married_communication_conflict","act_2_listening_speak",4,"question","error","Invalid prompt format","Prompt 0 is not a dict: <class 'str'>"
"married_communication_conflict","act_2_listening_speak",4,"question","error","Invalid prompt format","Prompt 1 is not a dict: <class 'str'>"
"married_communication_conflict","act_2_listening_speak",4,"question","error","Invalid prompt format","Prompt 2 is not a dict: <class 'str'>"
"married_communication_conflict","act_2_listening_speak",4,"question","error","Invalid prompt format","Prompt 3 is not a dict: <class 'str'>"
"married_communication_conflict","act_2_listening_speak",4,"question","error","Invalid prompt format","Prompt 4 is not a dict: <class 'str'>"
"married_communication_conflict","act_2_listening_speak",4,"question","error","Invalid prompt format","Prompt 5 is not a dict: <class 'str'>"
"married_communication_conflict","act_4_deescalation",1,"question","error","Invalid prompt format","Prompt 0 is not a dict: <class 'str'>"
"married_communication_conflict","act_4_deescalation",1,"question","error","Invalid prompt format","Prompt 1 is not a dict: <class 'str'>"
"married_communication_conflict","act_4_deescalation",1,"question","error","Invalid prompt format","Prompt 2 is not a dict: <class 'str'>"
"married_communication_conflict","act_4_deescalation",1,"question","error","Invalid prompt format","Prompt 3 is not a dict: <class 'str'>"
"married_communication_conflict","act_4_deescalation",1,"question","error","Invalid prompt format","Prompt 4 is not a dict: <class 'str'>"
"married_communication_conflict","act_4_deescalation",1,"question","error","Invalid prompt format","Prompt 5 is not a dict: <class 'str'>"
"married_communication_conflict","act_6_daily_connection",2,"question","error","Invalid prompt format","Prompt 0 is not a dict: <class 'str'>"
"married_communication_conflict","act_6_daily_connection",2,"question","error","Invalid prompt format","Prompt 1 is not a dict: <class 'str'>"
"married_communication_conflict","act_6_daily_connection",2,"question","error","Invalid prompt format","Prompt 2 is not a dict: <class 'str'>"
"married_communication_conflict","act_6_daily_connection",2,"question","error","Invalid prompt format","Prompt 3 is not a dict: <class 'str'>"
"married_communication_conflict","act_6_daily_connection",2,"question","error","Invalid prompt format","Prompt 4 is not a dict: <class 'str'>"
"married_communication_conflict","act_6_daily_connection",2,"question","error","Invalid prompt format","Prompt 5 is not a dict: <class 'str'>"
"married_communication_conflict","act_7_fighting_fair",3,"question","error","Invalid prompt format","Prompt 0 is not a dict: <class 'str'>"
"married_communication_conflict","act_7_fighting_fair",3,"question","error","Invalid prompt format","Prompt 1 is not a dict: <class 'str'>"
"married_communication_conflict","act_7_fighting_fair",3,"question","error","Invalid prompt format","Prompt 2 is not a dict: <class 'str'>"
"married_communication_conflict","act_7_fighting_fair",3,"question","error","Invalid prompt format","Prompt 3 is not a dict: <class 'str'>"
"married_communication_conflict","act_7_fighting_fair",3,"question","error","Invalid prompt format","Prompt 4 is not a dict: <class 'str'>"
"married_communication_conflict","act_7_fighting_fair",3,"question","error","Invalid prompt format","Prompt 5 is not a dict: <class 'str'>"
"married_communication_conflict","act_8_different_styles",2,"question","error","Invalid prompt format","Prompt 0 is not a dict: <class 'str'>"
"married_communication_conflict","act_8_different_styles",2,"question","error","Invalid prompt format","Prompt 1 is not a dict: <class 'str'>"
"married_communication_conflict","act_8_different_styles",2,"question","error","Invalid prompt format","Prompt 2 is not a dict: <class 'str'>"
"married_communication_conflict","act_8_different_styles",2,"question","error","Invalid prompt format","Prompt 3 is not a dict: <class 'str'>"
"married_cultural_differences","act_1_culture_shapes_us",4,"question","error","Invalid prompt format","Prompt 0 is not a dict: <class 'str'>"
"married_cultural_differences","act_1_culture_shapes_us",4,"question","error","Invalid prompt format","Prompt 1 is not a dict: <class 'str'>"
"married_cultural_differences","act_1_culture_shapes_us",4,"question","error","Invalid prompt format","Prompt 2 is not a dict: <class 'str'>"
"married_cultural_differences","act_1_culture_shapes_us",4,"question","error","Invalid prompt format","Prompt 3 is not a dict: <class 'str'>"
"married_cultural_differences","act_1_culture_shapes_us",4,"question","error","Invalid prompt format","Prompt 4 is not a dict: <class 'str'>"
"married_cultural_differences","act_3_communication_styles",3,"question","error","Invalid prompt format","Prompt 0 is not a dict: <class 'str'>"
"married_cultural_differences","act_3_communication_styles",3,"question","error","Invalid prompt format","Prompt 1 is not a dict: <class 'str'>"
"married_cultural_differences","act_3_communication_styles",3,"question","error","Invalid prompt format","Prompt 2 is not a dict: <class 'str'>"
"married_cultural_differences","act_3_communication_styles",3,"question","error","Invalid prompt format","Prompt 3 is not a dict: <class 'str'>"
"married_cultural_differences","act_3_communication_styles",3,"question","error","Invalid prompt format","Prompt 4 is not a dict: <class 'str'>"
"married_emotional_physical_intimacy","act_1_intimacy_gap",4,"question","error","Invalid prompt format","Prompt 0 is not a dict: <class 'str'>"
"married_emotional_physical_intimacy","act_1_intimacy_gap",4,"question","error","Invalid prompt format","Prompt 1 is not a dict: <class 'str'>"
"married_emotional_physical_intimacy","act_1_intimacy_gap",4,"question","error","Invalid prompt format","Prompt 2 is not a dict: <class 'str'>"
"married_emotional_physical_intimacy","act_1_intimacy_gap",4,"question","error","Invalid prompt format","Prompt 3 is not a dict: <class 'str'>"
"married_emotional_physical_intimacy","act_1_intimacy_gap",4,"question","error","Invalid prompt format","Prompt 4 is not a dict: <class 'str'>"
"married_emotional_physical_intimacy","act_3_emotional_physical_link",4,"question","error","Invalid prompt format","Prompt 0 is not a dict: <class 'str'>"
"married_emotional_physical_intimacy","act_3_emotional_physical_link",4,"question","error","Invalid prompt format","Prompt 1 is not a dict: <class 'str'>"
"married_emotional_physical_intimacy","act_3_emotional_physical_link",4,"question","error","Invalid prompt format","Prompt 2 is not a dict: <class 'str'>"
"married_emotional_physical_intimacy","act_3_emotional_physical_link",4,"question","error","Invalid prompt format","Prompt 3 is not a dict: <class 'str'>"
"married_emotional_physical_intimacy","act_7_non_sexual_touch",3,"question","error","Invalid prompt format","Prompt 0 is not a dict: <class 'str'>"
"married_emotional_physical_intimacy","act_7_non_sexual_touch",3,"question","error","Invalid prompt format","Prompt 1 is not a dict: <class 'str'>"
"married_emotional_physical_intimacy","act_7_non_sexual_touch",3,"question","error","Invalid prompt format","Prompt 2 is not a dict: <class 'str'>"
"married_emotional_physical_intimacy","act_7_non_sexual_touch",3,"question","error","Invalid prompt format","Prompt 3 is not a dict: <class 'str'>"
"married_emotional_physical_intimacy","act_7_non_sexual_touch",3,"question","error","Invalid prompt format","Prompt 4 is not a dict: <class 'str'>"
"married_faith_spiritual_unity","act_1_spiritual_intimacy",3,"question","error","Invalid prompt format","Prompt 0 is not a dict: <class 'str'>"
"married_faith_spiritual_unity","act_1_spiritual_intimacy",3,"question","error","Invalid prompt format","Prompt 1 is not a dict: <class 'str'>"
"married_faith_spiritual_unity","act_1_spiritual_intimacy",3,"question","error","Invalid prompt format","Prompt 2 is not a dict: <class 'str'>"
"married_faith_spiritual_unity","act_1_spiritual_intimacy",3,"question","error","Invalid prompt format","Prompt 3 is not a dict: <class 'str'>"
"married_faith_spiritual_unity","act_1_spiritual_intimacy",3,"question","error","Invalid prompt format","Prompt 4 is not a dict: <class 'str'>"
"married_faith_spiritual_unity","act_1_spiritual_intimacy",3,"question","error","Invalid prompt format","Prompt 5 is not a dict: <class 'str'>"
"married_faith_spiritual_unity","act_3_praying_together",3,"question","error","Invalid prompt format","Prompt 0 is not a dict: <class 'str'>"
"married_faith_spiritual_unity","act_3_praying_together",3,"question","error","Invalid prompt format","Prompt 1 is not a dict: <class 'str'>"
"married_faith_spiritual_unity","act_3_praying_together",3,"question","error","Invalid prompt format","Prompt 2 is not a dict: <class 'str'>"
"married_faith_spiritual_unity","act_3_praying_together",3,"question","error","Invalid prompt format","Prompt 3 is not a dict: <class 'str'>"
"married_faith_spiritual_unity","act_3_praying_together",3,"question","error","Invalid prompt format","Prompt 4 is not a dict: <class 'str'>"
"married_faith_spiritual_unity","act_3_praying_together",3,"question","error","Invalid prompt format","Prompt 5 is not a dict: <class 'str'>"
"married_faith_spiritual_unity","act_5_spiritual_rhythms",4,"question","error","Invalid prompt format","Prompt 0 is not a dict: <class 'str'>"
"married_faith_spiritual_unity","act_5_spiritual_rhythms",4,"question","error","Invalid prompt format","Prompt 1 is not a dict: <class 'str'>"
"married_faith_spiritual_unity","act_5_spiritual_rhythms",4,"question","error","Invalid prompt format","Prompt 2 is not a dict: <class 'str'>"
"married_faith_spiritual_unity","act_5_spiritual_rhythms",4,"question","error","Invalid prompt format","Prompt 3 is not a dict: <class 'str'>"
"married_faith_spiritual_unity","act_5_spiritual_rhythms",4,"question","error","Invalid prompt format","Prompt 4 is not a dict: <class 'str'>"
"married_faith_spiritual_unity","act_5_spiritual_rhythms",4,"question","error","Invalid prompt format","Prompt 5 is not a dict: <class 'str'>"
"married_faith_spiritual_unity","act_7_supporting_growth",4,"question","error","Invalid prompt format","Prompt 0 is not a dict: <class 'str'>"
"married_faith_spiritual_unity","act_7_supporting_growth",4,"question","error","Invalid prompt format","Prompt 1 is not a dict: <class 'str'>"
"married_faith_spiritual_unity","act_7_supporting_growth",4,"question","error","Invalid prompt format","Prompt 2 is not a dict: <class 'str'>"
"married_faith_spiritual_unity","act_7_supporting_growth",4,"question","error","Invalid prompt format","Prompt 3 is not a dict: <class 'str'>"
"married_faith_spiritual_unity","act_7_supporting_growth",4,"question","error","Invalid prompt format","Prompt 4 is not a dict: <class 'str'>"
"married_faith_spiritual_unity","act_7_supporting_growth",4,"question","error","Invalid prompt format","Prompt 5 is not a dict: <class 'str'>"
"married_faith_spiritual_unity","act_7_supporting_growth",4,"question","error","Invalid prompt format","Prompt 6 is not a dict: <class 'str'>"
"married_faith_spiritual_unity","act_8_faith_centered_home",4,"question","error","Invalid prompt format","Prompt 0 is not a dict: <class 'str'>"
"married_faith_spiritual_unity","act_8_faith_centered_home",4,"question","error","Invalid prompt format","Prompt 1 is not a dict: <class 'str'>"
"married_faith_spiritual_unity","act_8_faith_centered_home",4,"question","error","Invalid prompt format","Prompt 2 is not a dict: <class 'str'>"
"married_faith_spiritual_unity","act_8_faith_centered_home",4,"question","error","Invalid prompt format","Prompt 3 is not a dict: <class 'str'>"
"married_faith_spiritual_unity","act_8_faith_centered_home",4,"question","error","Invalid prompt format","Prompt 4 is not a dict: <class 'str'>"
"married_faith_spiritual_unity","act_8_faith_centered_home",4,"question","error","Invalid prompt format","Prompt 5 is not a dict: <class 'str'>"
"married_faith_spiritual_unity","act_8_faith_centered_home",4,"question","error","Invalid prompt format","Prompt 6 is not a dict: <class 'str'>"
"married_faith_spiritual_unity","act_9_serving_together",4,"question","error","Invalid prompt format","Prompt 0 is not a dict: <class 'str'>"
"married_faith_spiritual_unity","act_9_serving_together",4,"question","error","Invalid prompt format","Prompt 1 is not a dict: <class 'str'>"
"married_faith_spiritual_unity","act_9_serving_together",4,"question","error","Invalid prompt format","Prompt 2 is not a dict: <class 'str'>"
"married_faith_spiritual_unity","act_9_serving_together",4,"question","error","Invalid prompt format","Prompt 3 is not a dict: <class 'str'>"
"married_faith_spiritual_unity","act_9_serving_together",4,"question","error","Invalid prompt format","Prompt 4 is not a dict: <class 'str'>"
"married_faith_spiritual_unity","act_9_serving_together",4,"question","error","Invalid prompt format","Prompt 5 is not a dict: <class 'str'>"
"married_faith_spiritual_unity","act_9_serving_together",4,"question","error","Invalid prompt format","Prompt 6 is not a dict: <class 'str'>"
"married_handling_infidelity","act_1_aftermath",4,"question","error","Invalid prompt format","Prompt 0 is not a dict: <class 'str'>"
"married_handling_infidelity","act_1_aftermath",4,"question","error","Invalid prompt format","Prompt 1 is not a dict: <class 'str'>"
"married_handling_infidelity","act_1_aftermath",4,"question","error","Invalid prompt format","Prompt 2 is not a dict: <class 'str'>"
"married_handling_infidelity","act_1_aftermath",4,"question","error","Invalid prompt format","Prompt 3 is not a dict: <class 'str'>"
"married_handling_infidelity","act_1_aftermath",4,"question","error","Invalid prompt format","Prompt 4 is not a dict: <class 'str'>"
"married_harmful_conflict_patterns","act_1_the_dance",3,"question","error","Invalid prompt format","Prompt 0 is not a dict: <class 'str'>"
"married_harmful_conflict_patterns","act_1_the_dance",3,"question","error","Invalid prompt format","Prompt 1 is not a dict: <class 'str'>"
"married_harmful_conflict_patterns","act_1_the_dance",3,"question","error","Invalid prompt format","Prompt 2 is not a dict: <class 'str'>"
"married_harmful_conflict_patterns","act_1_the_dance",3,"question","error","Invalid prompt format","Prompt 3 is not a dict: <class 'str'>"
"married_harmful_conflict_patterns","act_1_the_dance",3,"question","error","Invalid prompt format","Prompt 4 is not a dict: <class 'str'>"
"married_harmful_conflict_patterns","act_3_family_origins",1,"question","error","Invalid prompt format","Prompt 0 is not a dict: <class 'str'>"
"married_harmful_conflict_patterns","act_3_family_origins",1,"question","error","Invalid prompt format","Prompt 1 is not a dict: <class 'str'>"
"married_harmful_conflict_patterns","act_3_family_origins",1,"question","error","Invalid prompt format","Prompt 2 is not a dict: <class 'str'>"
"married_harmful_conflict_patterns","act_3_family_origins",1,"question","error","Invalid prompt format","Prompt 3 is not a dict: <class 'str'>"
"married_harmful_conflict_patterns","act_3_family_origins",1,"question","error","Invalid prompt format","Prompt 4 is not a dict: <class 'str'>"
"married_harmful_conflict_patterns","act_4_trigger_moment",1,"question","error","Invalid prompt format","Prompt 0 is not a dict: <class 'str'>"
"married_harmful_conflict_patterns","act_4_trigger_moment",1,"question","error","Invalid prompt format","Prompt 1 is not a dict: <class 'str'>"
"married_harmful_conflict_patterns","act_4_trigger_moment",1,"question","error","Invalid prompt format","Prompt 2 is not a dict: <class 'str'>"
"married_harmful_conflict_patterns","act_4_trigger_moment",1,"question","error","Invalid prompt format","Prompt 3 is not a dict: <class 'str'>"
"married_harmful_conflict_patterns","act_4_trigger_moment",1,"question","error","Invalid prompt format","Prompt 4 is not a dict: <class 'str'>"
"married_harmful_conflict_patterns","act_4_trigger_moment",1,"question","error","Invalid prompt format","Prompt 5 is not a dict: <class 'str'>"
"married_harmful_conflict_patterns","act_6_other_patterns",3,"question","error","Invalid prompt format","Prompt 0 is not a dict: <class 'str'>"
"married_harmful_conflict_patterns","act_6_other_patterns",3,"question","error","Invalid prompt format","Prompt 1 is not a dict: <class 'str'>"
"married_harmful_conflict_patterns","act_6_other_patterns",3,"question","error","Invalid prompt format","Prompt 2 is not a dict: <class 'str'>"
"married_harmful_conflict_patterns","act_6_other_patterns",3,"question","error","Invalid prompt format","Prompt 3 is not a dict: <class 'str'>"
"married_harmful_conflict_patterns","act_6_other_patterns",3,"question","error","Invalid prompt format","Prompt 4 is not a dict: <class 'str'>"
"married_infertility","act_1_grief_nobody_sees",4,"question","error","Invalid prompt format","Prompt 0 is not a dict: <class 'str'>"
"married_infertility","act_1_grief_nobody_sees",4,"question","error","Invalid prompt format","Prompt 1 is not a dict: <class 'str'>"
"married_infertility","act_1_grief_nobody_sees",4,"question","error","Invalid prompt format","Prompt 2 is not a dict: <class 'str'>"
"married_infertility","act_1_grief_nobody_sees",4,"question","error","Invalid prompt format","Prompt 3 is not a dict: <class 'str'>"
"married_infertility","act_1_grief_nobody_sees",4,"question","error","Invalid prompt format","Prompt 4 is not a dict: <class 'str'>"
"married_infertility","act_1_grief_nobody_sees",4,"question","error","Invalid prompt format","Prompt 5 is not a dict: <class 'str'>"
"married_infertility","act_1_grief_nobody_sees",4,"question","error","Invalid prompt format","Prompt 6 is not a dict: <class 'str'>"
"married_infertility","act_2_grieving_differently",3,"question","error","Invalid prompt format","Prompt 0 is not a dict: <class 'str'>"
"married_infertility","act_2_grieving_differently",3,"question","error","Invalid prompt format","Prompt 1 is not a dict: <class 'str'>"
"married_infertility","act_2_grieving_differently",3,"question","error","Invalid prompt format","Prompt 2 is not a dict: <class 'str'>"
"married_infertility","act_2_grieving_differently",3,"question","error","Invalid prompt format","Prompt 3 is not a dict: <class 'str'>"
"married_infertility","act_2_grieving_differently",3,"question","error","Invalid prompt format","Prompt 4 is not a dict: <class 'str'>"
"married_infertility","act_2_grieving_differently",3,"question","error","Invalid prompt format","Prompt 5 is not a dict: <class 'str'>"
"married_infertility","act_4_intimacy_under_pressure",4,"question","error","Invalid prompt format","Prompt 0 is not a dict: <class 'str'>"
"married_infertility","act_4_intimacy_under_pressure",4,"question","error","Invalid prompt format","Prompt 1 is not a dict: <class 'str'>"
"married_infertility","act_4_intimacy_under_pressure",4,"question","error","Invalid prompt format","Prompt 2 is not a dict: <class 'str'>"
"married_infertility","act_4_intimacy_under_pressure",4,"question","error","Invalid prompt format","Prompt 3 is not a dict: <class 'str'>"
"married_infertility","act_4_intimacy_under_pressure",4,"question","error","Invalid prompt format","Prompt 4 is not a dict: <class 'str'>"
"married_infertility","act_4_intimacy_under_pressure",4,"question","error","Invalid prompt format","Prompt 5 is not a dict: <class 'str'>"
"married_infertility","act_4_intimacy_under_pressure",4,"question","error","Invalid prompt format","Prompt 6 is not a dict: <class 'str'>"
"married_infertility","act_7_protecting_marriage",4,"question","error","Invalid prompt format","Prompt 0 is not a dict: <class 'str'>"
"married_infertility","act_7_protecting_marriage",4,"question","error","Invalid prompt format","Prompt 1 is not a dict: <class 'str'>"
"married_infertility","act_7_protecting_marriage",4,"question","error","Invalid prompt format","Prompt 2 is not a dict: <class 'str'>"
"married_infertility","act_7_protecting_marriage",4,"question","error","Invalid prompt format","Prompt 3 is not a dict: <class 'str'>"
"married_infertility","act_7_protecting_marriage",4,"question","error","Invalid prompt format","Prompt 4 is not a dict: <class 'str'>"
"married_infertility","act_7_protecting_marriage",4,"question","error","Invalid prompt format","Prompt 5 is not a dict: <class 'str'>"
"married_infertility","act_7_protecting_marriage",4,"question","error","Invalid prompt format","Prompt 6 is not a dict: <class 'str'>"
"married_inlaws_extended_family","act_1_inlaw_challenge",3,"question","error","Invalid prompt format","Prompt 0 is not a dict: <class 'str'>"
"married_inlaws_extended_family","act_1_inlaw_challenge",3,"question","error","Invalid prompt format","Prompt 1 is not a dict: <class 'str'>"
"married_inlaws_extended_family","act_1_inlaw_challenge",3,"question","error","Invalid prompt format","Prompt 2 is not a dict: <class 'str'>"
"married_inlaws_extended_family","act_1_inlaw_challenge",3,"question","error","Invalid prompt format","Prompt 3 is not a dict: <class 'str'>"
"married_inlaws_extended_family","act_1_inlaw_challenge",3,"question","error","Invalid prompt format","Prompt 4 is not a dict: <class 'str'>"
"married_inlaws_extended_family","act_1_inlaw_challenge",3,"question","error","Invalid prompt format","Prompt 5 is not a dict: <class 'str'>"
"married_inlaws_extended_family","act_1_inlaw_challenge",3,"question","error","Invalid prompt format","Prompt 6 is not a dict: <class 'str'>"
"married_inlaws_extended_family","act_1_inlaw_challenge",3,"question","error","Invalid prompt format","Prompt 7 is not a dict: <class 'str'>"
"married_keeping_romance_alive","act_1_where_did_spark_go",3,"question","error","Invalid prompt format","Prompt 0 is not a dict: <class 'str'>"
"married_keeping_romance_alive","act_1_where_did_spark_go",3,"question","error","Invalid prompt format","Prompt 1 is not a dict: <class 'str'>"
"married_keeping_romance_alive","act_1_where_did_spark_go",3,"question","error","Invalid prompt format","Prompt 2 is not a dict: <class 'str'>"
"married_keeping_romance_alive","act_1_where_did_spark_go",3,"question","error","Invalid prompt format","Prompt 3 is not a dict: <class 'str'>"
"married_keeping_romance_alive","act_1_where_did_spark_go",3,"question","error","Invalid prompt format","Prompt 4 is not a dict: <class 'str'>"
"married_keeping_romance_alive","act_6_playfulness",3,"question","error","Invalid prompt format","Prompt 0 is not a dict: <class 'str'>"
"married_keeping_romance_alive","act_6_playfulness",3,"question","error","Invalid prompt format","Prompt 1 is not a dict: <class 'str'>"
"married_keeping_romance_alive","act_6_playfulness",3,"question","error","Invalid prompt format","Prompt 2 is not a dict: <class 'str'>"
"married_keeping_romance_alive","act_6_playfulness",3,"question","error","Invalid prompt format","Prompt 3 is not a dict: <class 'str'>"
"married_keeping_romance_alive","act_6_playfulness",3,"question","error","Invalid prompt format","Prompt 4 is not a dict: <class 'str'>"
"married_managing_finances","act_1_money_conflict",3,"question","error","Invalid prompt format","Prompt 0 is not a dict: <class 'str'>"
"married_managing_finances","act_1_money_conflict",3,"question","error","Invalid prompt format","Prompt 1 is not a dict: <class 'str'>"
"married_managing_finances","act_1_money_conflict",3,"question","error","Invalid prompt format","Prompt 2 is not a dict: <class 'str'>"
"married_managing_finances","act_1_money_conflict",3,"question","error","Invalid prompt format","Prompt 3 is not a dict: <class 'str'>"
"married_managing_finances","act_1_money_conflict",3,"question","error","Invalid prompt format","Prompt 4 is not a dict: <class 'str'>"
"married_managing_finances","act_1_money_conflict",3,"question","error","Invalid prompt format","Prompt 5 is not a dict: <class 'str'>"
"married_managing_finances","act_1_money_conflict",3,"question","error","Invalid prompt format","Prompt 6 is not a dict: <class 'str'>"
"married_managing_finances","act_3_financial_personalities",3,"question","error","Invalid prompt format","Prompt 0 is not a dict: <class 'str'>"
"married_managing_finances","act_3_financial_personalities",3,"question","error","Invalid prompt format","Prompt 1 is not a dict: <class 'str'>"
"married_managing_finances","act_3_financial_personalities",3,"question","error","Invalid prompt format","Prompt 2 is not a dict: <class 'str'>"
"married_managing_finances","act_3_financial_personalities",3,"question","error","Invalid prompt format","Prompt 3 is not a dict: <class 'str'>"
"married_parenting_partners","act_1_parenting_pressure",3,"question","error","Invalid prompt format","Prompt 0 is not a dict: <class 'str'>"
"married_parenting_partners","act_1_parenting_pressure",3,"question","error","Invalid prompt format","Prompt 1 is not a dict: <class 'str'>"
"married_parenting_partners","act_1_parenting_pressure",3,"question","error","Invalid prompt format","Prompt 2 is not a dict: <class 'str'>"
"married_parenting_partners","act_1_parenting_pressure",3,"question","error","Invalid prompt format","Prompt 3 is not a dict: <class 'str'>"
"married_parenting_partners","act_1_parenting_pressure",3,"question","error","Invalid prompt format","Prompt 4 is not a dict: <class 'str'>"
"married_parenting_partners","act_1_parenting_pressure",3,"question","error","Invalid prompt format","Prompt 5 is not a dict: <class 'str'>"
"married_parenting_partners","act_1_parenting_pressure",3,"question","error","Invalid prompt format","Prompt 6 is not a dict: <class 'str'>"
"married_personal_growth","act_1_your_growth_matters",4,"question","error","Invalid prompt format","Prompt 0 is not a dict: <class 'str'>"
"married_personal_growth","act_1_your_growth_matters",4,"question","error","Invalid prompt format","Prompt 1 is not a dict: <class 'str'>"
"married_personal_growth","act_1_your_growth_matters",4,"question","error","Invalid prompt format","Prompt 2 is not a dict: <class 'str'>"
"married_personal_growth","act_1_your_growth_matters",4,"question","error","Invalid prompt format","Prompt 3 is not a dict: <class 'str'>"
"married_personal_growth","act_1_your_growth_matters",4,"question","error","Invalid prompt format","Prompt 4 is not a dict: <class 'str'>"
"married_personal_growth","act_1_your_growth_matters",4,"question","error","Invalid prompt format","Prompt 5 is not a dict: <class 'str'>"
"married_personal_growth","act_1_your_growth_matters",4,"question","error","Invalid prompt format","Prompt 6 is not a dict: <class 'str'>"
"married_personal_growth","act_1_your_growth_matters",4,"question","error","Invalid prompt format","Prompt 7 is not a dict: <class 'str'>"
"married_personal_growth","act_3_emotional_regulation",3,"question","error","Invalid prompt format","Prompt 0 is not a dict: <class 'str'>"
"married_personal_growth","act_3_emotional_regulation",3,"question","error","Invalid prompt format","Prompt 1 is not a dict: <class 'str'>"
"married_personal_growth","act_3_emotional_regulation",3,"question","error","Invalid prompt format","Prompt 2 is not a dict: <class 'str'>"
"married_personal_growth","act_3_emotional_regulation",3,"question","error","Invalid prompt format","Prompt 3 is not a dict: <class 'str'>"
"married_personal_growth","act_3_emotional_regulation",3,"question","error","Invalid prompt format","Prompt 4 is not a dict: <class 'str'>"
"married_personal_growth","act_3_emotional_regulation",3,"question","error","Invalid prompt format","Prompt 5 is not a dict: <class 'str'>"
"married_personal_growth","act_3_emotional_regulation",3,"question","error","Invalid prompt format","Prompt 6 is not a dict: <class 'str'>"
"married_personal_growth","act_7_character_development",3,"question","error","Invalid prompt format","Prompt 0 is not a dict: <class 'str'>"
"married_personal_growth","act_7_character_development",3,"question","error","Invalid prompt format","Prompt 1 is not a dict: <class 'str'>"
"married_personal_growth","act_7_character_development",3,"question","error","Invalid prompt format","Prompt 2 is not a dict: <class 'str'>"
"married_personal_growth","act_7_character_development",3,"question","error","Invalid prompt format","Prompt 3 is not a dict: <class 'str'>"
"married_personal_growth","act_7_character_development",3,"question","error","Invalid prompt format","Prompt 4 is not a dict: <class 'str'>"
"married_personal_growth","act_7_character_development",3,"question","error","Invalid prompt format","Prompt 5 is not a dict: <class 'str'>"
"married_personal_growth","act_7_character_development",3,"question","error","Invalid prompt format","Prompt 6 is not a dict: <class 'str'>"
"married_personal_growth","act_9_ongoing_growth",4,"question","error","Invalid prompt format","Prompt 0 is not a dict: <class 'str'>"
"married_personal_growth","act_9_ongoing_growth",4,"question","error","Invalid prompt format","Prompt 1 is not a dict: <class 'str'>"
"married_personal_growth","act_9_ongoing_growth",4,"question","error","Invalid prompt format","Prompt 2 is not a dict: <class 'str'>"
"married_personal_growth","act_9_ongoing_growth",4,"question","error","Invalid prompt format","Prompt 3 is not a dict: <class 'str'>"
"married_personal_growth","act_9_ongoing_growth",4,"question","error","Invalid prompt format","Prompt 4 is not a dict: <class 'str'>"
"married_personal_growth","act_9_ongoing_growth",4,"question","error","Invalid prompt format","Prompt 5 is not a dict: <class 'str'>"
"married_personal_growth","act_9_ongoing_growth",4,"question","error","Invalid prompt format","Prompt 6 is not a dict: <class 'str'>"
"married_rebuilding_trust","act_1_when_trust_breaks",3,"question","error","Invalid prompt format","Prompt 0 is not a dict: <class 'str'>"
"married_rebuilding_trust","act_1_when_trust_breaks",3,"question","error","Invalid prompt format","Prompt 1 is not a dict: <class 'str'>"
"married_rebuilding_trust","act_1_when_trust_breaks",3,"question","error","Invalid prompt format","Prompt 2 is not a dict: <class 'str'>"
"married_rebuilding_trust","act_1_when_trust_breaks",3,"question","error","Invalid prompt format","Prompt 3 is not a dict: <class 'str'>"
"married_reigniting_sexual_desire","act_1_the_desire_gap",3,"question","error","Invalid prompt format","Prompt 0 is not a dict: <class 'str'>"
"married_reigniting_sexual_desire","act_1_the_desire_gap",3,"question","error","Invalid prompt format","Prompt 1 is not a dict: <class 'str'>"
"married_reigniting_sexual_desire","act_1_the_desire_gap",3,"question","error","Invalid prompt format","Prompt 2 is not a dict: <class 'str'>"
"married_reigniting_sexual_desire","act_1_the_desire_gap",3,"question","error","Invalid prompt format","Prompt 3 is not a dict: <class 'str'>"
"married_reigniting_sexual_desire","act_1_the_desire_gap",3,"question","error","Invalid prompt format","Prompt 4 is not a dict: <class 'str'>"
"married_reigniting_sexual_desire","act_1_the_desire_gap",3,"question","error","Invalid prompt format","Prompt 5 is not a dict: <class 'str'>"
"married_reigniting_sexual_desire","act_2_how_desire_works",4,"question","error","Invalid prompt format","Prompt 0 is not a dict: <class 'str'>"
"married_reigniting_sexual_desire","act_2_how_desire_works",4,"question","error","Invalid prompt format","Prompt 1 is not a dict: <class 'str'>"
"married_reigniting_sexual_desire","act_2_how_desire_works",4,"question","error","Invalid prompt format","Prompt 2 is not a dict: <class 'str'>"
"married_reigniting_sexual_desire","act_2_how_desire_works",4,"question","error","Invalid prompt format","Prompt 3 is not a dict: <class 'str'>"
"married_restoring_friendship","act_2_love_maps",1,"question","error","Invalid prompt format","Prompt 0 is not a dict: <class 'str'>"
"married_restoring_friendship","act_2_love_maps",1,"question","error","Invalid prompt format","Prompt 1 is not a dict: <class 'str'>"
"married_restoring_friendship","act_2_love_maps",1,"question","error","Invalid prompt format","Prompt 2 is not a dict: <class 'str'>"
"married_restoring_friendship","act_2_love_maps",1,"question","error","Invalid prompt format","Prompt 3 is not a dict: <class 'str'>"
"married_restoring_friendship","act_3_turning_toward",3,"question","error","Invalid prompt format","Prompt 0 is not a dict: <class 'str'>"
"married_restoring_friendship","act_3_turning_toward",3,"question","error","Invalid prompt format","Prompt 1 is not a dict: <class 'str'>"
"married_restoring_friendship","act_3_turning_toward",3,"question","error","Invalid prompt format","Prompt 2 is not a dict: <class 'str'>"
"married_restoring_friendship","act_3_turning_toward",3,"question","error","Invalid prompt format","Prompt 3 is not a dict: <class 'str'>"
"married_restoring_friendship","act_4_rituals",3,"question","error","Invalid prompt format","Prompt 0 is not a dict: <class 'str'>"
"married_restoring_friendship","act_4_rituals",3,"question","error","Invalid prompt format","Prompt 1 is not a dict: <class 'str'>"
"married_restoring_friendship","act_4_rituals",3,"question","error","Invalid prompt format","Prompt 2 is not a dict: <class 'str'>"
"married_restoring_friendship","act_4_rituals",3,"question","error","Invalid prompt format","Prompt 3 is not a dict: <class 'str'>"
"married_restoring_friendship","act_4_rituals",3,"question","error","Invalid prompt format","Prompt 4 is not a dict: <class 'str'>"
"married_restoring_friendship","act_4_rituals",3,"question","error","Invalid prompt format","Prompt 5 is not a dict: <class 'str'>"
"married_restoring_friendship","act_6_emotional_intimacy",3,"question","error","Invalid prompt format","Prompt 0 is not a dict: <class 'str'>"
"married_restoring_friendship","act_6_emotional_intimacy",3,"question","error","Invalid prompt format","Prompt 1 is not a dict: <class 'str'>"
"married_restoring_friendship","act_6_emotional_intimacy",3,"question","error","Invalid prompt format","Prompt 2 is not a dict: <class 'str'>"
"married_restoring_friendship","act_6_emotional_intimacy",3,"question","error","Invalid prompt format","Prompt 3 is not a dict: <class 'str'>"
"married_restoring_friendship","act_6_emotional_intimacy",3,"question","error","Invalid prompt format","Prompt 4 is not a dict: <class 'str'>"
"married_restoring_friendship","act_10_protecting_friendship",3,"question","error","Invalid prompt format","Prompt 0 is not a dict: <class 'str'>"
"married_restoring_friendship","act_10_protecting_friendship",3,"question","error","Invalid prompt format","Prompt 1 is not a dict: <class 'str'>"
"married_restoring_friendship","act_10_protecting_friendship",3,"question","error","Invalid prompt format","Prompt 2 is not a dict: <class 'str'>"
"married_restoring_friendship","act_10_protecting_friendship",3,"question","error","Invalid prompt format","Prompt 3 is not a dict: <class 'str'>"
"married_restoring_friendship","act_10_protecting_friendship",3,"question","error","Invalid prompt format","Prompt 4 is not a dict: <class 'str'>"
"married_restoring_friendship","act_10_protecting_friendship",3,"question","error","Invalid prompt format","Prompt 5 is not a dict: <class 'str'>"
"married_roles_expectations","act_1_unspoken_expectations",4,"question","error","Invalid prompt format","Prompt 0 is not a dict: <class 'str'>"
"married_roles_expectations","act_1_unspoken_expectations",4,"question","error","Invalid prompt format","Prompt 1 is not a dict: <class 'str'>"
"married_roles_expectations","act_1_unspoken_expectations",4,"question","error","Invalid prompt format","Prompt 2 is not a dict: <class 'str'>"
"married_roles_expectations","act_1_unspoken_expectations",4,"question","error","Invalid prompt format","Prompt 3 is not a dict: <class 'str'>"
"married_roles_expectations","act_1_unspoken_expectations",4,"question","error","Invalid prompt format","Prompt 4 is not a dict: <class 'str'>"
"married_roles_expectations","act_1_unspoken_expectations",4,"question","error","Invalid prompt format","Prompt 5 is not a dict: <class 'str'>"
"married_roles_expectations","act_1_unspoken_expectations",4,"question","error","Invalid prompt format","Prompt 6 is not a dict: <class 'str'>"
"married_roles_expectations","act_3_traditional_contemporary",3,"question","error","Invalid prompt format","Prompt 0 is not a dict: <class 'str'>"
"married_roles_expectations","act_3_traditional_contemporary",3,"question","error","Invalid prompt format","Prompt 1 is not a dict: <class 'str'>"
"married_roles_expectations","act_3_traditional_contemporary",3,"question","error","Invalid prompt format","Prompt 2 is not a dict: <class 'str'>"
"married_roles_expectations","act_3_traditional_contemporary",3,"question","error","Invalid prompt format","Prompt 3 is not a dict: <class 'str'>"
"married_roles_expectations","act_3_traditional_contemporary",3,"question","error","Invalid prompt format","Prompt 4 is not a dict: <class 'str'>"
"married_shared_purpose_vision","act_1_more_than_maintenance",3,"question","error","Invalid prompt format","Prompt 0 is not a dict: <class 'str'>"
"married_shared_purpose_vision","act_1_more_than_maintenance",3,"question","error","Invalid prompt format","Prompt 1 is not a dict: <class 'str'>"
"married_shared_purpose_vision","act_1_more_than_maintenance",3,"question","error","Invalid prompt format","Prompt 2 is not a dict: <class 'str'>"
"married_shared_purpose_vision","act_1_more_than_maintenance",3,"question","error","Invalid prompt format","Prompt 3 is not a dict: <class 'str'>"
"married_shared_purpose_vision","act_1_more_than_maintenance",3,"question","error","Invalid prompt format","Prompt 4 is not a dict: <class 'str'>"
"married_shared_purpose_vision","act_1_more_than_maintenance",3,"question","error","Invalid prompt format","Prompt 5 is not a dict: <class 'str'>"
"married_shared_purpose_vision","act_2_individual_dreams",4,"question","error","Invalid prompt format","Prompt 0 is not a dict: <class 'str'>"
"married_shared_purpose_vision","act_2_individual_dreams",4,"question","error","Invalid prompt format","Prompt 1 is not a dict: <class 'str'>"
"married_shared_purpose_vision","act_2_individual_dreams",4,"question","error","Invalid prompt format","Prompt 2 is not a dict: <class 'str'>"
"married_shared_purpose_vision","act_2_individual_dreams",4,"question","error","Invalid prompt format","Prompt 3 is not a dict: <class 'str'>"
"married_shared_purpose_vision","act_2_individual_dreams",4,"question","error","Invalid prompt format","Prompt 4 is not a dict: <class 'str'>"
"married_shared_purpose_vision","act_2_individual_dreams",4,"question","error","Invalid prompt format","Prompt 5 is not a dict: <class 'str'>"
"married_shared_purpose_vision","act_2_individual_dreams",4,"question","error","Invalid prompt format","Prompt 6 is not a dict: <class 'str'>"
"married_shared_purpose_vision","act_2_individual_dreams",4,"question","error","Invalid prompt format","Prompt 7 is not a dict: <class 'str'>"
"married_shared_purpose_vision","act_4_marriage_vision",4,"question","error","Invalid prompt format","Prompt 0 is not a dict: <class 'str'>"
"married_shared_purpose_vision","act_4_marriage_vision",4,"question","error","Invalid prompt format","Prompt 1 is not a dict: <class 'str'>"
"married_shared_purpose_vision","act_4_marriage_vision",4,"question","error","Invalid prompt format","Prompt 2 is not a dict: <class 'str'>"
"married_shared_purpose_vision","act_4_marriage_vision",4,"question","error","Invalid prompt format","Prompt 3 is not a dict: <class 'str'>"
"married_shared_purpose_vision","act_4_marriage_vision",4,"question","error","Invalid prompt format","Prompt 4 is not a dict: <class 'str'>"
"married_shared_purpose_vision","act_4_marriage_vision",4,"question","error","Invalid prompt format","Prompt 5 is not a dict: <class 'str'>"
"married_shared_purpose_vision","act_4_marriage_vision",4,"question","error","Invalid prompt format","Prompt 6 is not a dict: <class 'str'>"
"married_shared_purpose_vision","act_7_daily_alignment",4,"question","error","Invalid prompt format","Prompt 0 is not a dict: <class 'str'>"
"married_shared_purpose_vision","act_7_daily_alignment",4,"question","error","Invalid prompt format","Prompt 1 is not a dict: <class 'str'>"
"married_shared_purpose_vision","act_7_daily_alignment",4,"question","error","Invalid prompt format","Prompt 2 is not a dict: <class 'str'>"
"married_shared_purpose_vision","act_7_daily_alignment",4,"question","error","Invalid prompt format","Prompt 3 is not a dict: <class 'str'>"
"married_shared_purpose_vision","act_7_daily_alignment",4,"question","error","Invalid prompt format","Prompt 4 is not a dict: <class 'str'>"
"married_shared_purpose_vision","act_7_daily_alignment",4,"question","error","Invalid prompt format","Prompt 5 is not a dict: <class 'str'>"
"married_shared_purpose_vision","act_7_daily_alignment",4,"question","error","Invalid prompt format","Prompt 6 is not a dict: <class 'str'>"
"singles_biblical_masculinity","act_1_masculinity_confusion",0,"question","error","Invalid prompt format","Prompt 0 is not a dict: <class 'str'>"
"singles_biblical_masculinity","act_1_masculinity_confusion",0,"question","error","Invalid prompt format","Prompt 1 is not a dict: <class 'str'>"
"singles_biblical_masculinity","act_1_masculinity_confusion",0,"question","error","Invalid prompt format","Prompt 2 is not a dict: <class 'str'>"
"singles_biblical_masculinity","act_1_masculinity_confusion",0,"question","error","Invalid prompt format","Prompt 3 is not a dict: <class 'str'>"
"singles_biblical_masculinity","act_1_masculinity_confusion",0,"question","error","Invalid prompt format","Prompt 4 is not a dict: <class 'str'>"
"singles_biblical_masculinity","act_2_created_male",3,"question","error","Invalid prompt format","Prompt 0 is not a dict: <class 'str'>"
"singles_biblical_masculinity","act_2_created_male",3,"question","error","Invalid prompt format","Prompt 1 is not a dict: <class 'str'>"
"singles_biblical_masculinity","act_2_created_male",3,"question","error","Invalid prompt format","Prompt 2 is not a dict: <class 'str'>"
"singles_biblical_masculinity","act_2_created_male",3,"question","error","Invalid prompt format","Prompt 3 is not a dict: <class 'str'>"
"singles_biblical_masculinity","act_2_created_male",3,"question","error","Invalid prompt format","Prompt 4 is not a dict: <class 'str'>"
"singles_biblical_masculinity","act_3_jesus_model",4,"question","error","Invalid prompt format","Prompt 0 is not a dict: <class 'str'>"
"singles_biblical_masculinity","act_3_jesus_model",4,"question","error","Invalid prompt format","Prompt 1 is not a dict: <class 'str'>"
"singles_biblical_masculinity","act_3_jesus_model",4,"question","error","Invalid prompt format","Prompt 2 is not a dict: <class 'str'>"
"singles_biblical_masculinity","act_3_jesus_model",4,"question","error","Invalid prompt format","Prompt 3 is not a dict: <class 'str'>"
"singles_biblical_masculinity","act_3_jesus_model",4,"question","error","Invalid prompt format","Prompt 4 is not a dict: <class 'str'>"
"singles_biblical_masculinity","act_4_provider_protector",2,"question","error","Invalid prompt format","Prompt 0 is not a dict: <class 'str'>"
"singles_biblical_masculinity","act_4_provider_protector",2,"question","error","Invalid prompt format","Prompt 1 is not a dict: <class 'str'>"
"singles_biblical_masculinity","act_4_provider_protector",2,"question","error","Invalid prompt format","Prompt 2 is not a dict: <class 'str'>"
"singles_biblical_masculinity","act_4_provider_protector",2,"question","error","Invalid prompt format","Prompt 3 is not a dict: <class 'str'>"
"singles_biblical_masculinity","act_4_provider_protector",2,"question","error","Invalid prompt format","Prompt 4 is not a dict: <class 'str'>"
"singles_biblical_masculinity","act_5_emotional_strength",1,"question","error","Invalid prompt format","Prompt 0 is not a dict: <class 'str'>"
"singles_biblical_masculinity","act_5_emotional_strength",1,"question","error","Invalid prompt format","Prompt 1 is not a dict: <class 'str'>"
"singles_biblical_masculinity","act_5_emotional_strength",1,"question","error","Invalid prompt format","Prompt 2 is not a dict: <class 'str'>"
"singles_biblical_masculinity","act_5_emotional_strength",1,"question","error","Invalid prompt format","Prompt 3 is not a dict: <class 'str'>"
"singles_biblical_masculinity","act_5_emotional_strength",1,"question","error","Invalid prompt format","Prompt 4 is not a dict: <class 'str'>"
"singles_biblical_masculinity","act_6_leading_yourself",1,"question","error","Invalid prompt format","Prompt 0 is not a dict: <class 'str'>"
"singles_biblical_masculinity","act_6_leading_yourself",1,"question","error","Invalid prompt format","Prompt 1 is not a dict: <class 'str'>"
"singles_biblical_masculinity","act_6_leading_yourself",1,"question","error","Invalid prompt format","Prompt 2 is not a dict: <class 'str'>"
"singles_biblical_masculinity","act_6_leading_yourself",1,"question","error","Invalid prompt format","Prompt 3 is not a dict: <class 'str'>"
"singles_biblical_masculinity","act_6_leading_yourself",1,"question","error","Invalid prompt format","Prompt 4 is not a dict: <class 'str'>"
"singles_biblical_masculinity","act_6_leading_yourself",1,"question","error","Invalid prompt format","Prompt 5 is not a dict: <class 'str'>"
"singles_biblical_masculinity","act_7_work_calling",2,"question","error","Invalid prompt format","Prompt 0 is not a dict: <class 'str'>"
"singles_biblical_masculinity","act_7_work_calling",2,"question","error","Invalid prompt format","Prompt 1 is not a dict: <class 'str'>"
"singles_biblical_masculinity","act_7_work_calling",2,"question","error","Invalid prompt format","Prompt 2 is not a dict: <class 'str'>"
"singles_biblical_masculinity","act_7_work_calling",2,"question","error","Invalid prompt format","Prompt 3 is not a dict: <class 'str'>"
"singles_biblical_masculinity","act_7_work_calling",2,"question","error","Invalid prompt format","Prompt 4 is not a dict: <class 'str'>"
"singles_biblical_masculinity","act_8_sexuality_purity",2,"question","error","Invalid prompt format","Prompt 0 is not a dict: <class 'str'>"
"singles_biblical_masculinity","act_8_sexuality_purity",2,"question","error","Invalid prompt format","Prompt 1 is not a dict: <class 'str'>"
"singles_biblical_masculinity","act_8_sexuality_purity",2,"question","error","Invalid prompt format","Prompt 2 is not a dict: <class 'str'>"
"singles_biblical_masculinity","act_8_sexuality_purity",2,"question","error","Invalid prompt format","Prompt 3 is not a dict: <class 'str'>"
"singles_biblical_masculinity","act_8_sexuality_purity",2,"question","error","Invalid prompt format","Prompt 4 is not a dict: <class 'str'>"
"singles_biblical_masculinity","act_8_sexuality_purity",2,"question","error","Invalid prompt format","Prompt 5 is not a dict: <class 'str'>"
"singles_biblical_masculinity","act_9_courage_initiative",2,"question","error","Invalid prompt format","Prompt 0 is not a dict: <class 'str'>"
"singles_biblical_masculinity","act_9_courage_initiative",2,"question","error","Invalid prompt format","Prompt 1 is not a dict: <class 'str'>"
"singles_biblical_masculinity","act_9_courage_initiative",2,"question","error","Invalid prompt format","Prompt 2 is not a dict: <class 'str'>"
"singles_biblical_masculinity","act_9_courage_initiative",2,"question","error","Invalid prompt format","Prompt 3 is not a dict: <class 'str'>"
"singles_biblical_masculinity","act_9_courage_initiative",2,"question","error","Invalid prompt format","Prompt 4 is not a dict: <class 'str'>"
"singles_biblical_masculinity","act_10_fatherhood_prep",1,"question","error","Invalid prompt format","Prompt 0 is not a dict: <class 'str'>"
"singles_biblical_masculinity","act_10_fatherhood_prep",1,"question","error","Invalid prompt format","Prompt 1 is not a dict: <class 'str'>"
"singles_biblical_masculinity","act_10_fatherhood_prep",1,"question","error","Invalid prompt format","Prompt 2 is not a dict: <class 'str'>"
"singles_biblical_masculinity","act_10_fatherhood_prep",1,"question","error","Invalid prompt format","Prompt 3 is not a dict: <class 'str'>"
"singles_biblical_masculinity","act_10_fatherhood_prep",1,"question","error","Invalid prompt format","Prompt 4 is not a dict: <class 'str'>"
"singles_biblical_masculinity","act_11_integrated_man",1,"question","error","Invalid prompt format","Prompt 0 is not a dict: <class 'str'>"
"singles_biblical_masculinity","act_11_integrated_man",1,"question","error","Invalid prompt format","Prompt 1 is not a dict: <class 'str'>"
"singles_biblical_masculinity","act_11_integrated_man",1,"question","error","Invalid prompt format","Prompt 2 is not a dict: <class 'str'>"
"singles_biblical_masculinity","act_11_integrated_man",1,"question","error","Invalid prompt format","Prompt 3 is not a dict: <class 'str'>"
"singles_biblical_masculinity","act_11_integrated_man",1,"question","error","Invalid prompt format","Prompt 4 is not a dict: <class 'str'>"
"singles_biblical_masculinity","act_11_integrated_man",1,"question","error","Invalid prompt format","Prompt 5 is not a dict: <class 'str'>"
"singles_breaking_cultural_lies","act_1_lies_you_didnt_know",2,"question","error","Invalid prompt format","Prompt 0 is not a dict: <class 'str'>"
"singles_breaking_cultural_lies","act_1_lies_you_didnt_know",2,"question","error","Invalid prompt format","Prompt 1 is not a dict: <class 'str'>"
"singles_breaking_cultural_lies","act_1_lies_you_didnt_know",2,"question","error","Invalid prompt format","Prompt 2 is not a dict: <class 'str'>"
"singles_breaking_cultural_lies","act_1_lies_you_didnt_know",2,"question","error","Invalid prompt format","Prompt 3 is not a dict: <class 'str'>"
"singles_breaking_cultural_lies","act_1_lies_you_didnt_know",2,"question","error","Invalid prompt format","Prompt 4 is not a dict: <class 'str'>"
"singles_breaking_cultural_lies","act_1_lies_you_didnt_know",2,"question","error","Invalid prompt format","Prompt 5 is not a dict: <class 'str'>"
"singles_choosing_spouse","act_1_most_important_decision",1,"question","error","Invalid prompt format","Prompt 0 is not a dict: <class 'str'>"
"singles_choosing_spouse","act_1_most_important_decision",1,"question","error","Invalid prompt format","Prompt 1 is not a dict: <class 'str'>"
"singles_choosing_spouse","act_1_most_important_decision",1,"question","error","Invalid prompt format","Prompt 2 is not a dict: <class 'str'>"
"singles_choosing_spouse","act_1_most_important_decision",1,"question","error","Invalid prompt format","Prompt 3 is not a dict: <class 'str'>"
"singles_choosing_spouse","act_1_most_important_decision",1,"question","error","Invalid prompt format","Prompt 4 is not a dict: <class 'str'>"
"singles_choosing_spouse","act_1_most_important_decision",1,"question","error","Invalid prompt format","Prompt 5 is not a dict: <class 'str'>"
"singles_choosing_spouse","act_2_character_over_chemistry",2,"question","error","Invalid prompt format","Prompt 0 is not a dict: <class 'str'>"
"singles_choosing_spouse","act_2_character_over_chemistry",2,"question","error","Invalid prompt format","Prompt 1 is not a dict: <class 'str'>"
"singles_choosing_spouse","act_2_character_over_chemistry",2,"question","error","Invalid prompt format","Prompt 2 is not a dict: <class 'str'>"
"singles_choosing_spouse","act_2_character_over_chemistry",2,"question","error","Invalid prompt format","Prompt 3 is not a dict: <class 'str'>"
"singles_choosing_spouse","act_2_character_over_chemistry",2,"question","error","Invalid prompt format","Prompt 4 is not a dict: <class 'str'>"
"singles_choosing_spouse","act_2_character_over_chemistry",2,"question","error","Invalid prompt format","Prompt 5 is not a dict: <class 'str'>"
"singles_choosing_spouse","act_2_character_over_chemistry",2,"question","error","Invalid prompt format","Prompt 6 is not a dict: <class 'str'>"
"singles_choosing_spouse","act_2_character_over_chemistry",2,"question","error","Invalid prompt format","Prompt 7 is not a dict: <class 'str'>"
"singles_choosing_spouse","act_3_spiritual_alignment",1,"question","error","Invalid prompt format","Prompt 0 is not a dict: <class 'str'>"
"singles_choosing_spouse","act_3_spiritual_alignment",1,"question","error","Invalid prompt format","Prompt 1 is not a dict: <class 'str'>"
"singles_choosing_spouse","act_3_spiritual_alignment",1,"question","error","Invalid prompt format","Prompt 2 is not a dict: <class 'str'>"
"singles_choosing_spouse","act_3_spiritual_alignment",1,"question","error","Invalid prompt format","Prompt 3 is not a dict: <class 'str'>"
"singles_choosing_spouse","act_3_spiritual_alignment",1,"question","error","Invalid prompt format","Prompt 4 is not a dict: <class 'str'>"
"singles_choosing_spouse","act_3_spiritual_alignment",1,"question","error","Invalid prompt format","Prompt 5 is not a dict: <class 'str'>"
"singles_choosing_spouse","act_3_spiritual_alignment",1,"question","error","Invalid prompt format","Prompt 6 is not a dict: <class 'str'>"
"singles_choosing_spouse","act_4_emotional_health",4,"question","error","Invalid prompt format","Prompt 0 is not a dict: <class 'str'>"
"singles_choosing_spouse","act_4_emotional_health",4,"question","error","Invalid prompt format","Prompt 1 is not a dict: <class 'str'>"
"singles_choosing_spouse","act_4_emotional_health",4,"question","error","Invalid prompt format","Prompt 2 is not a dict: <class 'str'>"
"singles_choosing_spouse","act_4_emotional_health",4,"question","error","Invalid prompt format","Prompt 3 is not a dict: <class 'str'>"
"singles_choosing_spouse","act_4_emotional_health",4,"question","error","Invalid prompt format","Prompt 4 is not a dict: <class 'str'>"
"singles_choosing_spouse","act_4_emotional_health",4,"question","error","Invalid prompt format","Prompt 5 is not a dict: <class 'str'>"
"singles_choosing_spouse","act_4_emotional_health",4,"question","error","Invalid prompt format","Prompt 6 is not a dict: <class 'str'>"
"singles_choosing_spouse","act_5_family_background",1,"question","error","Invalid prompt format","Prompt 0 is not a dict: <class 'str'>"
"singles_choosing_spouse","act_5_family_background",1,"question","error","Invalid prompt format","Prompt 1 is not a dict: <class 'str'>"
"singles_choosing_spouse","act_5_family_background",1,"question","error","Invalid prompt format","Prompt 2 is not a dict: <class 'str'>"
"singles_choosing_spouse","act_5_family_background",1,"question","error","Invalid prompt format","Prompt 3 is not a dict: <class 'str'>"
"singles_choosing_spouse","act_5_family_background",1,"question","error","Invalid prompt format","Prompt 4 is not a dict: <class 'str'>"
"singles_choosing_spouse","act_5_family_background",1,"question","error","Invalid prompt format","Prompt 5 is not a dict: <class 'str'>"
"singles_choosing_spouse","act_6_compatibility_factors",1,"question","error","Invalid prompt format","Prompt 0 is not a dict: <class 'str'>"
"singles_choosing_spouse","act_6_compatibility_factors",1,"question","error","Invalid prompt format","Prompt 1 is not a dict: <class 'str'>"
"singles_choosing_spouse","act_6_compatibility_factors",1,"question","error","Invalid prompt format","Prompt 2 is not a dict: <class 'str'>"
"singles_choosing_spouse","act_6_compatibility_factors",1,"question","error","Invalid prompt format","Prompt 3 is not a dict: <class 'str'>"
"singles_choosing_spouse","act_6_compatibility_factors",1,"question","error","Invalid prompt format","Prompt 4 is not a dict: <class 'str'>"
"singles_choosing_spouse","act_6_compatibility_factors",1,"question","error","Invalid prompt format","Prompt 5 is not a dict: <class 'str'>"
"singles_choosing_spouse","act_6_compatibility_factors",1,"question","error","Invalid prompt format","Prompt 6 is not a dict: <class 'str'>"
"singles_choosing_spouse","act_7_conflict_patterns",2,"question","error","Invalid prompt format","Prompt 0 is not a dict: <class 'str'>"
"singles_choosing_spouse","act_7_conflict_patterns",2,"question","error","Invalid prompt format","Prompt 1 is not a dict: <class 'str'>"
"singles_choosing_spouse","act_7_conflict_patterns",2,"question","error","Invalid prompt format","Prompt 2 is not a dict: <class 'str'>"
"singles_choosing_spouse","act_7_conflict_patterns",2,"question","error","Invalid prompt format","Prompt 3 is not a dict: <class 'str'>"
"singles_choosing_spouse","act_7_conflict_patterns",2,"question","error","Invalid prompt format","Prompt 4 is not a dict: <class 'str'>"
"singles_choosing_spouse","act_7_conflict_patterns",2,"question","error","Invalid prompt format","Prompt 5 is not a dict: <class 'str'>"
"singles_choosing_spouse","act_7_conflict_patterns",2,"question","error","Invalid prompt format","Prompt 6 is not a dict: <class 'str'>"
"singles_choosing_spouse","act_8_red_flags_deal_breakers",3,"question","error","Invalid prompt format","Prompt 0 is not a dict: <class 'str'>"
"singles_choosing_spouse","act_8_red_flags_deal_breakers",3,"question","error","Invalid prompt format","Prompt 1 is not a dict: <class 'str'>"
"singles_choosing_spouse","act_8_red_flags_deal_breakers",3,"question","error","Invalid prompt format","Prompt 2 is not a dict: <class 'str'>"
"singles_choosing_spouse","act_8_red_flags_deal_breakers",3,"question","error","Invalid prompt format","Prompt 3 is not a dict: <class 'str'>"
"singles_choosing_spouse","act_8_red_flags_deal_breakers",3,"question","error","Invalid prompt format","Prompt 4 is not a dict: <class 'str'>"
"singles_choosing_spouse","act_8_red_flags_deal_breakers",3,"question","error","Invalid prompt format","Prompt 5 is not a dict: <class 'str'>"
"singles_choosing_spouse","act_8_red_flags_deal_breakers",3,"question","error","Invalid prompt format","Prompt 6 is not a dict: <class 'str'>"
"singles_choosing_spouse","act_9_wise_counsel",2,"question","error","Invalid prompt format","Prompt 0 is not a dict: <class 'str'>"
"singles_choosing_spouse","act_9_wise_counsel",2,"question","error","Invalid prompt format","Prompt 1 is not a dict: <class 'str'>"
"singles_choosing_spouse","act_9_wise_counsel",2,"question","error","Invalid prompt format","Prompt 2 is not a dict: <class 'str'>"
"singles_choosing_spouse","act_9_wise_counsel",2,"question","error","Invalid prompt format","Prompt 3 is not a dict: <class 'str'>"
"singles_choosing_spouse","act_9_wise_counsel",2,"question","error","Invalid prompt format","Prompt 4 is not a dict: <class 'str'>"
"singles_choosing_spouse","act_9_wise_counsel",2,"question","error","Invalid prompt format","Prompt 5 is not a dict: <class 'str'>"
"singles_choosing_spouse","act_9_wise_counsel",2,"question","error","Invalid prompt format","Prompt 6 is not a dict: <class 'str'>"
"singles_choosing_spouse","act_10_timing_engagement",2,"question","error","Invalid prompt format","Prompt 0 is not a dict: <class 'str'>"
"singles_choosing_spouse","act_10_timing_engagement",2,"question","error","Invalid prompt format","Prompt 1 is not a dict: <class 'str'>"
"singles_choosing_spouse","act_10_timing_engagement",2,"question","error","Invalid prompt format","Prompt 2 is not a dict: <class 'str'>"
"singles_choosing_spouse","act_10_timing_engagement",2,"question","error","Invalid prompt format","Prompt 3 is not a dict: <class 'str'>"
"singles_choosing_spouse","act_10_timing_engagement",2,"question","error","Invalid prompt format","Prompt 4 is not a dict: <class 'str'>"
"singles_choosing_spouse","act_11_premarital_prep",2,"question","error","Invalid prompt format","Prompt 0 is not a dict: <class 'str'>"
"singles_choosing_spouse","act_11_premarital_prep",2,"question","error","Invalid prompt format","Prompt 1 is not a dict: <class 'str'>"
"singles_choosing_spouse","act_11_premarital_prep",2,"question","error","Invalid prompt format","Prompt 2 is not a dict: <class 'str'>"
"singles_choosing_spouse","act_11_premarital_prep",2,"question","error","Invalid prompt format","Prompt 3 is not a dict: <class 'str'>"
"singles_choosing_spouse","act_11_premarital_prep",2,"question","error","Invalid prompt format","Prompt 4 is not a dict: <class 'str'>"
"singles_choosing_spouse","act_11_premarital_prep",2,"question","error","Invalid prompt format","Prompt 5 is not a dict: <class 'str'>"
"singles_communication_skills","act_5_healthy_conflict",2,"question","error","Invalid prompt format","Prompt 0 is not a dict: <class 'str'>"
"singles_communication_skills","act_5_healthy_conflict",2,"question","error","Invalid prompt format","Prompt 1 is not a dict: <class 'str'>"
"singles_communication_skills","act_5_healthy_conflict",2,"question","error","Invalid prompt format","Prompt 2 is not a dict: <class 'str'>"
"singles_communication_skills","act_5_healthy_conflict",2,"question","error","Invalid prompt format","Prompt 3 is not a dict: <class 'str'>"
"singles_communication_skills","act_5_healthy_conflict",2,"question","error","Invalid prompt format","Prompt 4 is not a dict: <class 'str'>"
"singles_communication_skills","act_8_communication_styles",1,"question","error","Invalid prompt format","Prompt 0 is not a dict: <class 'str'>"
"singles_communication_skills","act_8_communication_styles",1,"question","error","Invalid prompt format","Prompt 1 is not a dict: <class 'str'>"
"singles_communication_skills","act_8_communication_styles",1,"question","error","Invalid prompt format","Prompt 2 is not a dict: <class 'str'>"
"singles_emotional_intelligence","act_8_emotional_maturity",2,"question","error","Invalid prompt format","Prompt 0 is not a dict: <class 'str'>"
"singles_emotional_intelligence","act_8_emotional_maturity",2,"question","error","Invalid prompt format","Prompt 1 is not a dict: <class 'str'>"
"singles_emotional_intelligence","act_8_emotional_maturity",2,"question","error","Invalid prompt format","Prompt 2 is not a dict: <class 'str'>"
"singles_emotional_intelligence","act_8_emotional_maturity",2,"question","error","Invalid prompt format","Prompt 3 is not a dict: <class 'str'>"
"singles_emotional_intelligence","act_8_emotional_maturity",2,"question","error","Invalid prompt format","Prompt 4 is not a dict: <class 'str'>"
"singles_emotional_intelligence","act_8_emotional_maturity",2,"question","error","Invalid prompt format","Prompt 5 is not a dict: <class 'str'>"
"singles_emotional_intelligence","act_8_emotional_maturity",2,"question","error","Invalid prompt format","Prompt 6 is not a dict: <class 'str'>"
"singles_emotional_intelligence","act_8_emotional_maturity",2,"question","error","Invalid prompt format","Prompt 7 is not a dict: <class 'str'>"
"singles_emotional_readiness","act_1_readiness_audit",2,"question","error","Invalid prompt format","Prompt 0 is not a dict: <class 'str'>"
"singles_emotional_readiness","act_1_readiness_audit",2,"question","error","Invalid prompt format","Prompt 1 is not a dict: <class 'str'>"
"singles_emotional_readiness","act_1_readiness_audit",2,"question","error","Invalid prompt format","Prompt 2 is not a dict: <class 'str'>"
"singles_emotional_readiness","act_1_readiness_audit",2,"question","error","Invalid prompt format","Prompt 3 is not a dict: <class 'str'>"
"singles_emotional_readiness","act_1_readiness_audit",2,"question","error","Invalid prompt format","Prompt 4 is not a dict: <class 'str'>"
"singles_emotional_readiness","act_1_readiness_audit",2,"question","error","Invalid prompt format","Prompt 5 is not a dict: <class 'str'>"
"singles_emotional_readiness","act_1_readiness_audit",2,"question","error","Invalid prompt format","Prompt 6 is not a dict: <class 'str'>"
"singles_emotional_readiness","act_2_conflict_capacity",2,"question","error","Invalid prompt format","Prompt 0 is not a dict: <class 'str'>"
"singles_emotional_readiness","act_2_conflict_capacity",2,"question","error","Invalid prompt format","Prompt 1 is not a dict: <class 'str'>"
"singles_emotional_readiness","act_2_conflict_capacity",2,"question","error","Invalid prompt format","Prompt 2 is not a dict: <class 'str'>"
"singles_emotional_readiness","act_2_conflict_capacity",2,"question","error","Invalid prompt format","Prompt 3 is not a dict: <class 'str'>"
"singles_emotional_readiness","act_2_conflict_capacity",2,"question","error","Invalid prompt format","Prompt 4 is not a dict: <class 'str'>"
"singles_emotional_readiness","act_9_interdependence",2,"question","error","Invalid prompt format","Prompt 0 is not a dict: <class 'str'>"
"singles_emotional_readiness","act_9_interdependence",2,"question","error","Invalid prompt format","Prompt 1 is not a dict: <class 'str'>"
"singles_emotional_readiness","act_9_interdependence",2,"question","error","Invalid prompt format","Prompt 2 is not a dict: <class 'str'>"
"singles_emotional_readiness","act_9_interdependence",2,"question","error","Invalid prompt format","Prompt 3 is not a dict: <class 'str'>"
"singles_fear_commitment","act_1_recognizing_patterns",0,"question","error","Invalid prompt format","Prompt 0 is not a dict: <class 'str'>"
"singles_fear_commitment","act_1_recognizing_patterns",0,"question","error","Invalid prompt format","Prompt 1 is not a dict: <class 'str'>"
"singles_fear_commitment","act_1_recognizing_patterns",0,"question","error","Invalid prompt format","Prompt 2 is not a dict: <class 'str'>"
"singles_fear_commitment","act_1_recognizing_patterns",0,"question","error","Invalid prompt format","Prompt 3 is not a dict: <class 'str'>"
"singles_fear_commitment","act_1_recognizing_patterns",0,"question","error","Invalid prompt format","Prompt 4 is not a dict: <class 'str'>"
"singles_fear_commitment","act_1_recognizing_patterns",0,"question","error","Invalid prompt format","Prompt 5 is not a dict: <class 'str'>"
"singles_fear_commitment","act_1_recognizing_patterns",2,"question","error","Invalid prompt format","Prompt 0 is not a dict: <class 'str'>"
"singles_fear_commitment","act_1_recognizing_patterns",2,"question","error","Invalid prompt format","Prompt 1 is not a dict: <class 'str'>"
"singles_fear_commitment","act_1_recognizing_patterns",2,"question","error","Invalid prompt format","Prompt 2 is not a dict: <class 'str'>"
"singles_fear_commitment","act_1_recognizing_patterns",2,"question","error","Invalid prompt format","Prompt 3 is not a dict: <class 'str'>"
"singles_fear_commitment","act_1_recognizing_patterns",2,"question","error","Invalid prompt format","Prompt 4 is not a dict: <class 'str'>"
"singles_fear_commitment","act_2_roots_fear",1,"question","error","Invalid prompt format","Prompt 0 is not a dict: <class 'str'>"
"singles_fear_commitment","act_2_roots_fear",1,"question","error","Invalid prompt format","Prompt 1 is not a dict: <class 'str'>"
"singles_fear_commitment","act_2_roots_fear",1,"question","error","Invalid prompt format","Prompt 2 is not a dict: <class 'str'>"
"singles_fear_commitment","act_2_roots_fear",1,"question","error","Invalid prompt format","Prompt 3 is not a dict: <class 'str'>"
"singles_fear_commitment","act_2_roots_fear",1,"question","error","Invalid prompt format","Prompt 4 is not a dict: <class 'str'>"
"singles_fear_commitment","act_2_roots_fear",1,"question","error","Invalid prompt format","Prompt 5 is not a dict: <class 'str'>"
"singles_fear_commitment","act_2_roots_fear",2,"question","error","Invalid prompt format","Prompt 0 is not a dict: <class 'str'>"
"singles_fear_commitment","act_2_roots_fear",2,"question","error","Invalid prompt format","Prompt 1 is not a dict: <class 'str'>"
"singles_fear_commitment","act_2_roots_fear",2,"question","error","Invalid prompt format","Prompt 2 is not a dict: <class 'str'>"
"singles_fear_commitment","act_2_roots_fear",2,"question","error","Invalid prompt format","Prompt 3 is not a dict: <class 'str'>"
"singles_fear_commitment","act_2_roots_fear",2,"question","error","Invalid prompt format","Prompt 4 is not a dict: <class 'str'>"
"singles_fear_commitment","act_3_attachment_style",2,"question","error","Invalid prompt format","Prompt 0 is not a dict: <class 'str'>"
"singles_fear_commitment","act_3_attachment_style",2,"question","error","Invalid prompt format","Prompt 1 is not a dict: <class 'str'>"
"singles_fear_commitment","act_3_attachment_style",2,"question","error","Invalid prompt format","Prompt 2 is not a dict: <class 'str'>"
"singles_fear_commitment","act_3_attachment_style",2,"question","error","Invalid prompt format","Prompt 3 is not a dict: <class 'str'>"
"singles_fear_commitment","act_3_attachment_style",2,"question","error","Invalid prompt format","Prompt 4 is not a dict: <class 'str'>"
"singles_fear_commitment","act_4_specific_fears",0,"question","error","Invalid prompt format","Prompt 0 is not a dict: <class 'str'>"
"singles_fear_commitment","act_4_specific_fears",0,"question","error","Invalid prompt format","Prompt 1 is not a dict: <class 'str'>"
"singles_fear_commitment","act_4_specific_fears",0,"question","error","Invalid prompt format","Prompt 2 is not a dict: <class 'str'>"
"singles_fear_commitment","act_4_specific_fears",0,"question","error","Invalid prompt format","Prompt 3 is not a dict: <class 'str'>"
"singles_fear_commitment","act_4_specific_fears",0,"question","error","Invalid prompt format","Prompt 4 is not a dict: <class 'str'>"
"singles_fear_commitment","act_4_specific_fears",0,"question","error","Invalid prompt format","Prompt 5 is not a dict: <class 'str'>"
"singles_fear_commitment","act_4_specific_fears",4,"question","error","Invalid prompt format","Prompt 0 is not a dict: <class 'str'>"
"singles_fear_commitment","act_4_specific_fears",4,"question","error","Invalid prompt format","Prompt 1 is not a dict: <class 'str'>"
"singles_fear_commitment","act_4_specific_fears",4,"question","error","Invalid prompt format","Prompt 2 is not a dict: <class 'str'>"
"singles_fear_commitment","act_4_specific_fears",4,"question","error","Invalid prompt format","Prompt 3 is not a dict: <class 'str'>"
"singles_fear_commitment","act_4_specific_fears",4,"question","error","Invalid prompt format","Prompt 4 is not a dict: <class 'str'>"
"singles_fear_commitment","act_4_specific_fears",4,"question","error","Invalid prompt format","Prompt 5 is not a dict: <class 'str'>"
"singles_fear_commitment","act_5_sabotage_mechanisms",1,"question","error","Invalid prompt format","Prompt 0 is not a dict: <class 'str'>"
"singles_fear_commitment","act_5_sabotage_mechanisms",1,"question","error","Invalid prompt format","Prompt 1 is not a dict: <class 'str'>"
"singles_fear_commitment","act_5_sabotage_mechanisms",1,"question","error","Invalid prompt format","Prompt 2 is not a dict: <class 'str'>"
"singles_fear_commitment","act_5_sabotage_mechanisms",1,"question","error","Invalid prompt format","Prompt 3 is not a dict: <class 'str'>"
"singles_fear_commitment","act_5_sabotage_mechanisms",1,"question","error","Invalid prompt format","Prompt 4 is not a dict: <class 'str'>"
"singles_fear_commitment","act_5_sabotage_mechanisms",1,"question","error","Invalid prompt format","Prompt 5 is not a dict: <class 'str'>"
"singles_fear_commitment","act_5_sabotage_mechanisms",5,"question","error","Invalid prompt format","Prompt 0 is not a dict: <class 'str'>"
"singles_fear_commitment","act_5_sabotage_mechanisms",5,"question","error","Invalid prompt format","Prompt 1 is not a dict: <class 'str'>"
"singles_fear_commitment","act_5_sabotage_mechanisms",5,"question","error","Invalid prompt format","Prompt 2 is not a dict: <class 'str'>"
"singles_fear_commitment","act_5_sabotage_mechanisms",5,"question","error","Invalid prompt format","Prompt 3 is not a dict: <class 'str'>"
"singles_fear_commitment","act_5_sabotage_mechanisms",5,"question","error","Invalid prompt format","Prompt 4 is not a dict: <class 'str'>"
"singles_fear_commitment","act_6_anxiety_management",4,"question","error","Invalid prompt format","Prompt 0 is not a dict: <class 'str'>"
"singles_fear_commitment","act_6_anxiety_management",4,"question","error","Invalid prompt format","Prompt 1 is not a dict: <class 'str'>"
"singles_fear_commitment","act_6_anxiety_management",4,"question","error","Invalid prompt format","Prompt 2 is not a dict: <class 'str'>"
"singles_fear_commitment","act_6_anxiety_management",4,"question","error","Invalid prompt format","Prompt 3 is not a dict: <class 'str'>"
"singles_fear_commitment","act_6_anxiety_management",4,"question","error","Invalid prompt format","Prompt 4 is not a dict: <class 'str'>"
"singles_fear_commitment","act_7_rewriting_beliefs",1,"question","error","Invalid prompt format","Prompt 0 is not a dict: <class 'str'>"
"singles_fear_commitment","act_7_rewriting_beliefs",1,"question","error","Invalid prompt format","Prompt 1 is not a dict: <class 'str'>"
"singles_fear_commitment","act_7_rewriting_beliefs",1,"question","error","Invalid prompt format","Prompt 2 is not a dict: <class 'str'>"
"singles_fear_commitment","act_7_rewriting_beliefs",1,"question","error","Invalid prompt format","Prompt 3 is not a dict: <class 'str'>"
"singles_fear_commitment","act_7_rewriting_beliefs",1,"question","error","Invalid prompt format","Prompt 4 is not a dict: <class 'str'>"
"singles_fear_commitment","act_8_healing_wounds",1,"question","error","Invalid prompt format","Prompt 0 is not a dict: <class 'str'>"
"singles_fear_commitment","act_8_healing_wounds",1,"question","error","Invalid prompt format","Prompt 1 is not a dict: <class 'str'>"
"singles_fear_commitment","act_8_healing_wounds",1,"question","error","Invalid prompt format","Prompt 2 is not a dict: <class 'str'>"
"singles_fear_commitment","act_8_healing_wounds",1,"question","error","Invalid prompt format","Prompt 3 is not a dict: <class 'str'>"
"singles_fear_commitment","act_8_healing_wounds",1,"question","error","Invalid prompt format","Prompt 4 is not a dict: <class 'str'>"
"singles_fear_commitment","act_8_healing_wounds",1,"question","error","Invalid prompt format","Prompt 5 is not a dict: <class 'str'>"
"singles_fear_commitment","act_9_building_capacity",2,"question","error","Invalid prompt format","Prompt 0 is not a dict: <class 'str'>"
"singles_fear_commitment","act_9_building_capacity",2,"question","error","Invalid prompt format","Prompt 1 is not a dict: <class 'str'>"
"singles_fear_commitment","act_9_building_capacity",2,"question","error","Invalid prompt format","Prompt 2 is not a dict: <class 'str'>"
"singles_fear_commitment","act_9_building_capacity",2,"question","error","Invalid prompt format","Prompt 3 is not a dict: <class 'str'>"
"singles_fear_commitment","act_9_building_capacity",2,"question","error","Invalid prompt format","Prompt 4 is not a dict: <class 'str'>"
"singles_fear_commitment","act_10_choosing_differently",4,"question","error","Invalid prompt format","Prompt 0 is not a dict: <class 'str'>"
"singles_fear_commitment","act_10_choosing_differently",4,"question","error","Invalid prompt format","Prompt 1 is not a dict: <class 'str'>"
"singles_fear_commitment","act_10_choosing_differently",4,"question","error","Invalid prompt format","Prompt 2 is not a dict: <class 'str'>"
"singles_fear_commitment","act_10_choosing_differently",4,"question","error","Invalid prompt format","Prompt 3 is not a dict: <class 'str'>"
"singles_fear_commitment","act_10_choosing_differently",4,"question","error","Invalid prompt format","Prompt 4 is not a dict: <class 'str'>"
"singles_fear_commitment","act_11_freedom_commitment",3,"question","error","Invalid prompt format","Prompt 0 is not a dict: <class 'str'>"
"singles_fear_commitment","act_11_freedom_commitment",3,"question","error","Invalid prompt format","Prompt 1 is not a dict: <class 'str'>"
"singles_fear_commitment","act_11_freedom_commitment",3,"question","error","Invalid prompt format","Prompt 2 is not a dict: <class 'str'>"
"singles_fear_commitment","act_11_freedom_commitment",3,"question","error","Invalid prompt format","Prompt 3 is not a dict: <class 'str'>"
"singles_fear_commitment","act_11_freedom_commitment",3,"question","error","Invalid prompt format","Prompt 4 is not a dict: <class 'str'>"
"singles_fear_commitment","act_11_freedom_commitment",3,"question","error","Invalid prompt format","Prompt 5 is not a dict: <class 'str'>"
"singles_fear_commitment","act_11_freedom_commitment",4,"question","error","Invalid prompt format","Prompt 0 is not a dict: <class 'str'>"
"singles_fear_commitment","act_11_freedom_commitment",4,"question","error","Invalid prompt format","Prompt 1 is not a dict: <class 'str'>"
"singles_fear_commitment","act_11_freedom_commitment",4,"question","error","Invalid prompt format","Prompt 2 is not a dict: <class 'str'>"
"singles_fear_commitment","act_11_freedom_commitment",4,"question","error","Invalid prompt format","Prompt 3 is not a dict: <class 'str'>"
"singles_fear_commitment","act_11_freedom_commitment",4,"question","error","Invalid prompt format","Prompt 4 is not a dict: <class 'str'>"
"singles_fear_commitment","act_11_freedom_commitment",4,"question","error","Invalid prompt format","Prompt 5 is not a dict: <class 'str'>"
"singles_financial_readiness","act_1_money_marriage",0,"question","error","Invalid prompt format","Prompt 0 is not a dict: <class 'str'>"
"singles_financial_readiness","act_1_money_marriage",0,"question","error","Invalid prompt format","Prompt 1 is not a dict: <class 'str'>"
"singles_financial_readiness","act_1_money_marriage",0,"question","error","Invalid prompt format","Prompt 2 is not a dict: <class 'str'>"
"singles_financial_readiness","act_1_money_marriage",0,"question","error","Invalid prompt format","Prompt 3 is not a dict: <class 'str'>"
"singles_financial_readiness","act_1_money_marriage",3,"question","error","Invalid prompt format","Prompt 0 is not a dict: <class 'str'>"
"singles_financial_readiness","act_1_money_marriage",3,"question","error","Invalid prompt format","Prompt 1 is not a dict: <class 'str'>"
"singles_financial_readiness","act_1_money_marriage",3,"question","error","Invalid prompt format","Prompt 2 is not a dict: <class 'str'>"
"singles_financial_readiness","act_1_money_marriage",3,"question","error","Invalid prompt format","Prompt 3 is not a dict: <class 'str'>"
"singles_financial_readiness","act_2_money_mindset",1,"question","error","Invalid prompt format","Prompt 0 is not a dict: <class 'str'>"
"singles_financial_readiness","act_2_money_mindset",1,"question","error","Invalid prompt format","Prompt 1 is not a dict: <class 'str'>"
"singles_financial_readiness","act_2_money_mindset",1,"question","error","Invalid prompt format","Prompt 2 is not a dict: <class 'str'>"
"singles_financial_readiness","act_2_money_mindset",1,"question","error","Invalid prompt format","Prompt 3 is not a dict: <class 'str'>"
"singles_financial_readiness","act_2_money_mindset",3,"question","error","Invalid prompt format","Prompt 0 is not a dict: <class 'str'>"
"singles_financial_readiness","act_2_money_mindset",3,"question","error","Invalid prompt format","Prompt 1 is not a dict: <class 'str'>"
"singles_financial_readiness","act_2_money_mindset",3,"question","error","Invalid prompt format","Prompt 2 is not a dict: <class 'str'>"
"singles_financial_readiness","act_2_money_mindset",3,"question","error","Invalid prompt format","Prompt 3 is not a dict: <class 'str'>"
"singles_financial_readiness","act_2_money_mindset",3,"question","error","Invalid prompt format","Prompt 4 is not a dict: <class 'str'>"
"singles_financial_readiness","act_2_money_mindset",3,"question","error","Invalid prompt format","Prompt 5 is not a dict: <class 'str'>"
"singles_financial_readiness","act_3_financial_snapshot",1,"question","error","Invalid prompt format","Prompt 0 is not a dict: <class 'str'>"
"singles_financial_readiness","act_3_financial_snapshot",1,"question","error","Invalid prompt format","Prompt 1 is not a dict: <class 'str'>"
"singles_financial_readiness","act_3_financial_snapshot",1,"question","error","Invalid prompt format","Prompt 2 is not a dict: <class 'str'>"
"singles_financial_readiness","act_3_financial_snapshot",1,"question","error","Invalid prompt format","Prompt 3 is not a dict: <class 'str'>"
"singles_financial_readiness","act_3_financial_snapshot",1,"question","error","Invalid prompt format","Prompt 4 is not a dict: <class 'str'>"
"singles_financial_readiness","act_3_financial_snapshot",1,"question","error","Invalid prompt format","Prompt 5 is not a dict: <class 'str'>"
"singles_financial_readiness","act_3_financial_snapshot",2,"question","error","Invalid prompt format","Prompt 0 is not a dict: <class 'str'>"
"singles_financial_readiness","act_3_financial_snapshot",2,"question","error","Invalid prompt format","Prompt 1 is not a dict: <class 'str'>"
"singles_financial_readiness","act_3_financial_snapshot",2,"question","error","Invalid prompt format","Prompt 2 is not a dict: <class 'str'>"
"singles_financial_readiness","act_3_financial_snapshot",2,"question","error","Invalid prompt format","Prompt 3 is not a dict: <class 'str'>"
"singles_financial_readiness","act_3_financial_snapshot",2,"question","error","Invalid prompt format","Prompt 4 is not a dict: <class 'str'>"
"singles_financial_readiness","act_3_financial_snapshot",2,"question","error","Invalid prompt format","Prompt 5 is not a dict: <class 'str'>"
"singles_financial_readiness","act_3_financial_snapshot",2,"question","error","Invalid prompt format","Prompt 6 is not a dict: <class 'str'>"
"singles_financial_readiness","act_3_financial_snapshot",3,"question","error","Invalid prompt format","Prompt 0 is not a dict: <class 'str'>"
"singles_financial_readiness","act_3_financial_snapshot",3,"question","error","Invalid prompt format","Prompt 1 is not a dict: <class 'str'>"
"singles_financial_readiness","act_3_financial_snapshot",3,"question","error","Invalid prompt format","Prompt 2 is not a dict: <class 'str'>"
"singles_financial_readiness","act_3_financial_snapshot",3,"question","error","Invalid prompt format","Prompt 3 is not a dict: <class 'str'>"
"singles_financial_readiness","act_3_financial_snapshot",3,"question","error","Invalid prompt format","Prompt 4 is not a dict: <class 'str'>"
"singles_financial_readiness","act_4_debt_freedom",2,"question","error","Invalid prompt format","Prompt 0 is not a dict: <class 'str'>"
"singles_financial_readiness","act_4_debt_freedom",2,"question","error","Invalid prompt format","Prompt 1 is not a dict: <class 'str'>"
"singles_financial_readiness","act_4_debt_freedom",2,"question","error","Invalid prompt format","Prompt 2 is not a dict: <class 'str'>"
"singles_financial_readiness","act_4_debt_freedom",2,"question","error","Invalid prompt format","Prompt 3 is not a dict: <class 'str'>"
"singles_financial_readiness","act_4_debt_freedom",2,"question","error","Invalid prompt format","Prompt 4 is not a dict: <class 'str'>"
"singles_financial_readiness","act_4_debt_freedom",2,"question","error","Invalid prompt format","Prompt 5 is not a dict: <class 'str'>"
"singles_financial_readiness","act_5_budgeting",0,"question","error","Invalid prompt format","Prompt 0 is not a dict: <class 'str'>"
"singles_financial_readiness","act_5_budgeting",0,"question","error","Invalid prompt format","Prompt 1 is not a dict: <class 'str'>"
"singles_financial_readiness","act_5_budgeting",0,"question","error","Invalid prompt format","Prompt 2 is not a dict: <class 'str'>"
"singles_financial_readiness","act_5_budgeting",0,"question","error","Invalid prompt format","Prompt 3 is not a dict: <class 'str'>"
"singles_financial_readiness","act_5_budgeting",3,"question","error","Invalid prompt format","Prompt 0 is not a dict: <class 'str'>"
"singles_financial_readiness","act_5_budgeting",3,"question","error","Invalid prompt format","Prompt 1 is not a dict: <class 'str'>"
"singles_financial_readiness","act_5_budgeting",3,"question","error","Invalid prompt format","Prompt 2 is not a dict: <class 'str'>"
"singles_financial_readiness","act_5_budgeting",3,"question","error","Invalid prompt format","Prompt 3 is not a dict: <class 'str'>"
"singles_financial_readiness","act_5_budgeting",3,"question","error","Invalid prompt format","Prompt 4 is not a dict: <class 'str'>"
"singles_financial_readiness","act_5_budgeting",3,"question","error","Invalid prompt format","Prompt 5 is not a dict: <class 'str'>"
"singles_financial_readiness","act_6_giving",1,"question","error","Invalid prompt format","Prompt 0 is not a dict: <class 'str'>"
"singles_financial_readiness","act_6_giving",1,"question","error","Invalid prompt format","Prompt 1 is not a dict: <class 'str'>"
"singles_financial_readiness","act_6_giving",1,"question","error","Invalid prompt format","Prompt 2 is not a dict: <class 'str'>"
"singles_financial_readiness","act_6_giving",1,"question","error","Invalid prompt format","Prompt 3 is not a dict: <class 'str'>"
"singles_financial_readiness","act_6_giving",1,"question","error","Invalid prompt format","Prompt 4 is not a dict: <class 'str'>"
"singles_financial_readiness","act_6_giving",4,"question","error","Invalid prompt format","Prompt 0 is not a dict: <class 'str'>"
"singles_financial_readiness","act_6_giving",4,"question","error","Invalid prompt format","Prompt 1 is not a dict: <class 'str'>"
"singles_financial_readiness","act_6_giving",4,"question","error","Invalid prompt format","Prompt 2 is not a dict: <class 'str'>"
"singles_financial_readiness","act_6_giving",4,"question","error","Invalid prompt format","Prompt 3 is not a dict: <class 'str'>"
"singles_financial_readiness","act_6_giving",4,"question","error","Invalid prompt format","Prompt 4 is not a dict: <class 'str'>"
"singles_financial_readiness","act_7_emergency_fund",2,"question","error","Invalid prompt format","Prompt 0 is not a dict: <class 'str'>"
"singles_financial_readiness","act_7_emergency_fund",2,"question","error","Invalid prompt format","Prompt 1 is not a dict: <class 'str'>"
"singles_financial_readiness","act_7_emergency_fund",2,"question","error","Invalid prompt format","Prompt 2 is not a dict: <class 'str'>"
"singles_financial_readiness","act_7_emergency_fund",2,"question","error","Invalid prompt format","Prompt 3 is not a dict: <class 'str'>"
"singles_financial_readiness","act_7_emergency_fund",2,"question","error","Invalid prompt format","Prompt 4 is not a dict: <class 'str'>"
"singles_financial_readiness","act_7_emergency_fund",2,"question","error","Invalid prompt format","Prompt 5 is not a dict: <class 'str'>"
"singles_financial_readiness","act_8_money_conversations",1,"question","error","Invalid prompt format","Prompt 0 is not a dict: <class 'str'>"
"singles_financial_readiness","act_8_money_conversations",1,"question","error","Invalid prompt format","Prompt 1 is not a dict: <class 'str'>"
"singles_financial_readiness","act_8_money_conversations",1,"question","error","Invalid prompt format","Prompt 2 is not a dict: <class 'str'>"
"singles_financial_readiness","act_8_money_conversations",1,"question","error","Invalid prompt format","Prompt 3 is not a dict: <class 'str'>"
"singles_financial_readiness","act_8_money_conversations",1,"question","error","Invalid prompt format","Prompt 4 is not a dict: <class 'str'>"
"singles_financial_readiness","act_9_financial_partnership",2,"question","error","Invalid prompt format","Prompt 0 is not a dict: <class 'str'>"
"singles_financial_readiness","act_9_financial_partnership",2,"question","error","Invalid prompt format","Prompt 1 is not a dict: <class 'str'>"
"singles_financial_readiness","act_9_financial_partnership",2,"question","error","Invalid prompt format","Prompt 2 is not a dict: <class 'str'>"
"singles_financial_readiness","act_9_financial_partnership",2,"question","error","Invalid prompt format","Prompt 3 is not a dict: <class 'str'>"
"singles_financial_readiness","act_10_financial_red_flags",4,"question","error","Question card missing prompts","Question cards should have at least one prompt"
"singles_financial_readiness","act_11_action_plan",1,"question","error","Invalid prompt format","Prompt 0 is not a dict: <class 'str'>"
"singles_financial_readiness","act_11_action_plan",1,"question","error","Invalid prompt format","Prompt 1 is not a dict: <class 'str'>"
"singles_financial_readiness","act_11_action_plan",1,"question","error","Invalid prompt format","Prompt 2 is not a dict: <class 'str'>"
"singles_financial_readiness","act_11_action_plan",1,"question","error","Invalid prompt format","Prompt 3 is not a dict: <class 'str'>"
"singles_financial_readiness","act_11_action_plan",1,"question","error","Invalid prompt format","Prompt 4 is not a dict: <class 'str'>"
"singles_financial_readiness","act_11_action_plan",1,"question","error","Invalid prompt format","Prompt 5 is not a dict: <class 'str'>"
"singles_financial_readiness","act_11_action_plan",1,"question","error","Invalid prompt format","Prompt 6 is not a dict: <class 'str'>"
"singles_financial_readiness","act_11_action_plan",4,"question","error","Invalid prompt format","Prompt 0 is not a dict: <class 'str'>"
"singles_financial_readiness","act_11_action_plan",4,"question","error","Invalid prompt format","Prompt 1 is not a dict: <class 'str'>"
"singles_financial_readiness","act_11_action_plan",4,"question","error","Invalid prompt format","Prompt 2 is not a dict: <class 'str'>"
"singles_financial_readiness","act_11_action_plan",4,"question","error","Invalid prompt format","Prompt 3 is not a dict: <class 'str'>"
"singles_financial_readiness","act_11_action_plan",4,"question","error","Invalid prompt format","Prompt 4 is not a dict: <class 'str'>"
"singles_financial_readiness","act_11_action_plan",4,"question","error","Invalid prompt format","Prompt 5 is not a dict: <class 'str'>"
"singles_healing_past_wounds","act_2_types_of_wounds",1,"question","error","Invalid prompt format","Prompt 0 is not a dict: <class 'str'>"
"singles_healing_past_wounds","act_2_types_of_wounds",1,"question","error","Invalid prompt format","Prompt 1 is not a dict: <class 'str'>"
"singles_healing_past_wounds","act_2_types_of_wounds",1,"question","error","Invalid prompt format","Prompt 2 is not a dict: <class 'str'>"
"singles_healing_past_wounds","act_2_types_of_wounds",1,"question","error","Invalid prompt format","Prompt 3 is not a dict: <class 'str'>"
"singles_healing_past_wounds","act_2_types_of_wounds",1,"question","error","Invalid prompt format","Prompt 4 is not a dict: <class 'str'>"
"singles_healing_past_wounds","act_2_types_of_wounds",1,"question","error","Invalid prompt format","Prompt 5 is not a dict: <class 'str'>"
"singles_healthy_boundaries","act_2_boundary_patterns",2,"question","error","Invalid prompt format","Prompt 0 is not a dict: <class 'str'>"
"singles_healthy_boundaries","act_2_boundary_patterns",2,"question","error","Invalid prompt format","Prompt 1 is not a dict: <class 'str'>"
"singles_healthy_boundaries","act_2_boundary_patterns",2,"question","error","Invalid prompt format","Prompt 2 is not a dict: <class 'str'>"
"singles_healthy_boundaries","act_2_boundary_patterns",2,"question","error","Invalid prompt format","Prompt 3 is not a dict: <class 'str'>"
"singles_healthy_boundaries","act_2_boundary_patterns",2,"question","error","Invalid prompt format","Prompt 4 is not a dict: <class 'str'>"
"singles_identity_self_worth","act_3_cultural_distortion",2,"question","error","Invalid prompt format","Prompt 0 is not a dict: <class 'str'>"
"singles_identity_self_worth","act_3_cultural_distortion",2,"question","error","Invalid prompt format","Prompt 1 is not a dict: <class 'str'>"
"singles_identity_self_worth","act_3_cultural_distortion",2,"question","error","Invalid prompt format","Prompt 2 is not a dict: <class 'str'>"
"singles_identity_self_worth","act_3_cultural_distortion",2,"question","error","Invalid prompt format","Prompt 3 is not a dict: <class 'str'>"
"singles_identity_self_worth","act_3_cultural_distortion",2,"question","error","Invalid prompt format","Prompt 4 is not a dict: <class 'str'>"
"singles_purity_discipline","act_1_sexuality_design",0,"question","error","Invalid prompt format","Prompt 0 is not a dict: <class 'str'>"
"singles_purity_discipline","act_1_sexuality_design",0,"question","error","Invalid prompt format","Prompt 1 is not a dict: <class 'str'>"
"singles_purity_discipline","act_1_sexuality_design",0,"question","error","Invalid prompt format","Prompt 2 is not a dict: <class 'str'>"
"singles_purity_discipline","act_1_sexuality_design",0,"question","error","Invalid prompt format","Prompt 3 is not a dict: <class 'str'>"
"singles_purity_discipline","act_1_sexuality_design",0,"question","error","Invalid prompt format","Prompt 4 is not a dict: <class 'str'>"
"singles_purity_discipline","act_1_sexuality_design",0,"question","error","Invalid prompt format","Prompt 5 is not a dict: <class 'str'>"
"singles_purity_discipline","act_2_cultural_lies",1,"question","error","Invalid prompt format","Prompt 0 is not a dict: <class 'str'>"
"singles_purity_discipline","act_2_cultural_lies",1,"question","error","Invalid prompt format","Prompt 1 is not a dict: <class 'str'>"
"singles_purity_discipline","act_2_cultural_lies",1,"question","error","Invalid prompt format","Prompt 2 is not a dict: <class 'str'>"
"singles_purity_discipline","act_2_cultural_lies",1,"question","error","Invalid prompt format","Prompt 3 is not a dict: <class 'str'>"
"singles_purity_discipline","act_2_cultural_lies",1,"question","error","Invalid prompt format","Prompt 4 is not a dict: <class 'str'>"
"singles_purity_discipline","act_2_cultural_lies",1,"question","error","Invalid prompt format","Prompt 5 is not a dict: <class 'str'>"
"singles_purity_discipline","act_3_vulnerability_patterns",1,"question","error","Invalid prompt format","Prompt 0 is not a dict: <class 'str'>"
"singles_purity_discipline","act_3_vulnerability_patterns",1,"question","error","Invalid prompt format","Prompt 1 is not a dict: <class 'str'>"
"singles_purity_discipline","act_3_vulnerability_patterns",1,"question","error","Invalid prompt format","Prompt 2 is not a dict: <class 'str'>"
"singles_purity_discipline","act_3_vulnerability_patterns",1,"question","error","Invalid prompt format","Prompt 3 is not a dict: <class 'str'>"
"singles_purity_discipline","act_3_vulnerability_patterns",1,"question","error","Invalid prompt format","Prompt 4 is not a dict: <class 'str'>"
"singles_purity_discipline","act_3_vulnerability_patterns",1,"question","error","Invalid prompt format","Prompt 5 is not a dict: <class 'str'>"
"singles_purity_discipline","act_3_vulnerability_patterns",1,"question","error","Invalid prompt format","Prompt 6 is not a dict: <class 'str'>"
"singles_purity_discipline","act_3_vulnerability_patterns",3,"question","error","Invalid prompt format","Prompt 0 is not a dict: <class 'str'>"
"singles_purity_discipline","act_3_vulnerability_patterns",3,"question","error","Invalid prompt format","Prompt 1 is not a dict: <class 'str'>"
"singles_purity_discipline","act_3_vulnerability_patterns",3,"question","error","Invalid prompt format","Prompt 2 is not a dict: <class 'str'>"
"singles_purity_discipline","act_3_vulnerability_patterns",3,"question","error","Invalid prompt format","Prompt 3 is not a dict: <class 'str'>"
"singles_purity_discipline","act_3_vulnerability_patterns",3,"question","error","Invalid prompt format","Prompt 4 is not a dict: <class 'str'>"
"singles_purity_discipline","act_3_vulnerability_patterns",3,"question","error","Invalid prompt format","Prompt 5 is not a dict: <class 'str'>"
"singles_purity_discipline","act_3_vulnerability_patterns",3,"question","error","Invalid prompt format","Prompt 6 is not a dict: <class 'str'>"
"singles_purity_discipline","act_4_boundaries",2,"question","error","Invalid prompt format","Prompt 0 is not a dict: <class 'str'>"
"singles_purity_discipline","act_4_boundaries",2,"question","error","Invalid prompt format","Prompt 1 is not a dict: <class 'str'>"
"singles_purity_discipline","act_4_boundaries",2,"question","error","Invalid prompt format","Prompt 2 is not a dict: <class 'str'>"
"singles_purity_discipline","act_4_boundaries",2,"question","error","Invalid prompt format","Prompt 3 is not a dict: <class 'str'>"
"singles_purity_discipline","act_4_boundaries",2,"question","error","Invalid prompt format","Prompt 4 is not a dict: <class 'str'>"
"singles_purity_discipline","act_4_boundaries",2,"question","error","Invalid prompt format","Prompt 5 is not a dict: <class 'str'>"
"singles_purity_discipline","act_4_boundaries",2,"question","error","Invalid prompt format","Prompt 6 is not a dict: <class 'str'>"
"singles_purity_discipline","act_4_boundaries",3,"question","error","Invalid prompt format","Prompt 0 is not a dict: <class 'str'>"
"singles_purity_discipline","act_4_boundaries",3,"question","error","Invalid prompt format","Prompt 1 is not a dict: <class 'str'>"
"singles_purity_discipline","act_4_boundaries",3,"question","error","Invalid prompt format","Prompt 2 is not a dict: <class 'str'>"
"singles_purity_discipline","act_4_boundaries",3,"question","error","Invalid prompt format","Prompt 3 is not a dict: <class 'str'>"
"singles_purity_discipline","act_4_boundaries",3,"question","error","Invalid prompt format","Prompt 4 is not a dict: <class 'str'>"
"singles_purity_discipline","act_4_boundaries",3,"question","error","Invalid prompt format","Prompt 5 is not a dict: <class 'str'>"
"singles_purity_discipline","act_5_digital_purity",2,"question","error","Invalid prompt format","Prompt 0 is not a dict: <class 'str'>"
"singles_purity_discipline","act_5_digital_purity",2,"question","error","Invalid prompt format","Prompt 1 is not a dict: <class 'str'>"
"singles_purity_discipline","act_5_digital_purity",2,"question","error","Invalid prompt format","Prompt 2 is not a dict: <class 'str'>"
"singles_purity_discipline","act_5_digital_purity",2,"question","error","Invalid prompt format","Prompt 3 is not a dict: <class 'str'>"
"singles_purity_discipline","act_5_digital_purity",2,"question","error","Invalid prompt format","Prompt 4 is not a dict: <class 'str'>"
"singles_purity_discipline","act_5_digital_purity",2,"question","error","Invalid prompt format","Prompt 5 is not a dict: <class 'str'>"
"singles_purity_discipline","act_5_digital_purity",2,"question","error","Invalid prompt format","Prompt 6 is not a dict: <class 'str'>"
"singles_purity_discipline","act_6_accountability",2,"question","error","Invalid prompt format","Prompt 0 is not a dict: <class 'str'>"
"singles_purity_discipline","act_6_accountability",2,"question","error","Invalid prompt format","Prompt 1 is not a dict: <class 'str'>"
"singles_purity_discipline","act_6_accountability",2,"question","error","Invalid prompt format","Prompt 2 is not a dict: <class 'str'>"
"singles_purity_discipline","act_6_accountability",2,"question","error","Invalid prompt format","Prompt 3 is not a dict: <class 'str'>"
"singles_purity_discipline","act_6_accountability",2,"question","error","Invalid prompt format","Prompt 4 is not a dict: <class 'str'>"
"singles_purity_discipline","act_7_spiritual_disciplines",3,"question","error","Invalid prompt format","Prompt 0 is not a dict: <class 'str'>"
"singles_purity_discipline","act_7_spiritual_disciplines",3,"question","error","Invalid prompt format","Prompt 1 is not a dict: <class 'str'>"
"singles_purity_discipline","act_7_spiritual_disciplines",3,"question","error","Invalid prompt format","Prompt 2 is not a dict: <class 'str'>"
"singles_purity_discipline","act_7_spiritual_disciplines",3,"question","error","Invalid prompt format","Prompt 3 is not a dict: <class 'str'>"
"singles_purity_discipline","act_7_spiritual_disciplines",3,"question","error","Invalid prompt format","Prompt 4 is not a dict: <class 'str'>"
"singles_purity_discipline","act_8_dating_purity",2,"question","error","Invalid prompt format","Prompt 0 is not a dict: <class 'str'>"
"singles_purity_discipline","act_8_dating_purity",2,"question","error","Invalid prompt format","Prompt 1 is not a dict: <class 'str'>"
"singles_purity_discipline","act_8_dating_purity",2,"question","error","Invalid prompt format","Prompt 2 is not a dict: <class 'str'>"
"singles_purity_discipline","act_8_dating_purity",2,"question","error","Invalid prompt format","Prompt 3 is not a dict: <class 'str'>"
"singles_purity_discipline","act_8_dating_purity",2,"question","error","Invalid prompt format","Prompt 4 is not a dict: <class 'str'>"
"singles_purity_discipline","act_8_dating_purity",2,"question","error","Invalid prompt format","Prompt 5 is not a dict: <class 'str'>"
"singles_purity_discipline","act_9_thought_life",2,"question","error","Invalid prompt format","Prompt 0 is not a dict: <class 'str'>"
"singles_purity_discipline","act_9_thought_life",2,"question","error","Invalid prompt format","Prompt 1 is not a dict: <class 'str'>"
"singles_purity_discipline","act_9_thought_life",2,"question","error","Invalid prompt format","Prompt 2 is not a dict: <class 'str'>"
"singles_purity_discipline","act_9_thought_life",2,"question","error","Invalid prompt format","Prompt 3 is not a dict: <class 'str'>"
"singles_purity_discipline","act_9_thought_life",2,"question","error","Invalid prompt format","Prompt 4 is not a dict: <class 'str'>"
"singles_purity_discipline","act_9_thought_life",2,"question","error","Invalid prompt format","Prompt 5 is not a dict: <class 'str'>"
"singles_purity_discipline","act_10_grace_recovery",2,"question","error","Invalid prompt format","Prompt 0 is not a dict: <class 'str'>"
"singles_purity_discipline","act_10_grace_recovery",2,"question","error","Invalid prompt format","Prompt 1 is not a dict: <class 'str'>"
"singles_purity_discipline","act_10_grace_recovery",2,"question","error","Invalid prompt format","Prompt 2 is not a dict: <class 'str'>"
"singles_purity_discipline","act_10_grace_recovery",2,"question","error","Invalid prompt format","Prompt 3 is not a dict: <class 'str'>"
"singles_purity_discipline","act_10_grace_recovery",2,"question","error","Invalid prompt format","Prompt 4 is not a dict: <class 'str'>"
"singles_purity_discipline","act_10_grace_recovery",2,"question","error","Invalid prompt format","Prompt 5 is not a dict: <class 'str'>"
"singles_purity_discipline","act_11_marriage_preparation",4,"question","error","Invalid prompt format","Prompt 0 is not a dict: <class 'str'>"
"singles_purity_discipline","act_11_marriage_preparation",4,"question","error","Invalid prompt format","Prompt 1 is not a dict: <class 'str'>"
"singles_purity_discipline","act_11_marriage_preparation",4,"question","error","Invalid prompt format","Prompt 2 is not a dict: <class 'str'>"
"singles_purity_discipline","act_11_marriage_preparation",4,"question","error","Invalid prompt format","Prompt 3 is not a dict: <class 'str'>"
"singles_purity_discipline","act_11_marriage_preparation",4,"question","error","Invalid prompt format","Prompt 4 is not a dict: <class 'str'>"
"singles_purity_discipline","act_11_marriage_preparation",4,"question","error","Invalid prompt format","Prompt 5 is not a dict: <class 'str'>"
"singles_toxic_triggers","act_2_trigger_categories",2,"question","error","Invalid prompt format","Prompt 0 is not a dict: <class 'str'>"
"singles_toxic_triggers","act_2_trigger_categories",2,"question","error","Invalid prompt format","Prompt 1 is not a dict: <class 'str'>"
"singles_toxic_triggers","act_2_trigger_categories",2,"question","error","Invalid prompt format","Prompt 2 is not a dict: <class 'str'>"
"singles_toxic_triggers","act_2_trigger_categories",2,"question","error","Invalid prompt format","Prompt 3 is not a dict: <class 'str'>"
"singles_toxic_triggers","act_2_trigger_categories",2,"question","error","Invalid prompt format","Prompt 4 is not a dict: <class 'str'>"
"singles_toxic_triggers","act_2_trigger_categories",2,"question","error","Invalid prompt format","Prompt 5 is not a dict: <class 'str'>"
"singles_toxic_triggers","act_2_trigger_categories",2,"question","error","Invalid prompt format","Prompt 6 is not a dict: <class 'str'>"
"singles_unhealthy_family_patterns","act_2_conflict_patterns",1,"question","error","Invalid prompt format","Prompt 0 is not a dict: <class 'str'>"
"singles_unhealthy_family_patterns","act_2_conflict_patterns",1,"question","error","Invalid prompt format","Prompt 1 is not a dict: <class 'str'>"
"singles_unhealthy_family_patterns","act_2_conflict_patterns",1,"question","error","Invalid prompt format","Prompt 2 is not a dict: <class 'str'>"
"singles_unhealthy_family_patterns","act_2_conflict_patterns",1,"question","error","Invalid prompt format","Prompt 3 is not a dict: <class 'str'>"
"singles_unhealthy_family_patterns","act_2_conflict_patterns",1,"question","error","Invalid prompt format","Prompt 4 is not a dict: <class 'str'>"
"singles_unhealthy_family_patterns","act_2_conflict_patterns",1,"question","error","Invalid prompt format","Prompt 5 is not a dict: <class 'str'>"
"widowed_dealing_with_loneliness","act_1_the_emptiness",3,"question","error","Question card missing prompts","Question cards should have at least one prompt"
"widowed_dealing_with_loneliness","act_2_loneliness_vs_isolation",3,"question","error","Question card missing prompts","Question cards should have at least one prompt"
"widowed_dealing_with_loneliness","act_3_god_in_the_emptiness",3,"question","error","Question card missing prompts","Question cards should have at least one prompt"
"widowed_dealing_with_loneliness","act_4_rebuilding_connection",3,"question","error","Question card missing prompts","Question cards should have at least one prompt"
"widowed_dealing_with_loneliness","act_5_navigating_social_world",3,"question","error","Question card missing prompts","Question cards should have at least one prompt"
"widowed_dealing_with_loneliness","act_6_the_hardest_times",3,"question","error","Question card missing prompts","Question cards should have at least one prompt"
"widowed_dealing_with_loneliness","act_7_physical_touch",3,"question","error","Question card missing prompts","Question cards should have at least one prompt"
"widowed_dealing_with_loneliness","act_8_married_friends",3,"question","error","Question card missing prompts","Question cards should have at least one prompt"
"widowed_dealing_with_loneliness","act_9_finding_your_people",3,"question","error","Question card missing prompts","Question cards should have at least one prompt"
"widowed_holidays_anniversaries","act_1_calendar_minefields",3,"question","error","Question card missing prompts","Question cards should have at least one prompt"
"widowed_holidays_anniversaries","act_2_preparation",3,"question","error","Question card missing prompts","Question cards should have at least one prompt"
"widowed_holidays_anniversaries","act_3_firsts",3,"question","error","Question card missing prompts","Question cards should have at least one prompt"
"widowed_holidays_anniversaries","act_4_holidays",3,"question","error","Question card missing prompts","Question cards should have at least one prompt"
"widowed_holidays_anniversaries","act_5_personal_dates",3,"question","error","Question card missing prompts","Question cards should have at least one prompt"
"widowed_holidays_anniversaries","act_6_new_traditions",3,"question","error","Question card missing prompts","Question cards should have at least one prompt"
"widowed_holidays_anniversaries","act_7_helping_children",3,"question","error","Question card missing prompts","Question cards should have at least one prompt"
"widowed_holidays_anniversaries","act_8_faith_and_holidays",3,"question","error","Question card missing prompts","Question cards should have at least one prompt"
"widowed_holidays_anniversaries","act_9_support_system",3,"question","error","Question card missing prompts","Question cards should have at least one prompt"
"widowed_honoring_memory","act_1_memory_and_life",3,"question","error","Question card missing prompts","Question cards should have at least one prompt"
"widowed_honoring_memory","act_2_ways_to_remember",3,"question","error","Question card missing prompts","Question cards should have at least one prompt"
"widowed_honoring_memory","act_3_their_belongings",3,"question","error","Question card missing prompts","Question cards should have at least one prompt"
"widowed_honoring_memory","act_4_telling_their_story",3,"question","error","Question card missing prompts","Question cards should have at least one prompt"
"widowed_honoring_memory","act_5_legacy_projects",3,"question","error","Question card missing prompts","Question cards should have at least one prompt"
"widowed_honoring_memory","act_6_children_and_memory",3,"question","error","Question card missing prompts","Question cards should have at least one prompt"
"widowed_honoring_memory","act_7_creating_new_memories",3,"question","error","Question card missing prompts","Question cards should have at least one prompt"
"widowed_honoring_memory","act_8_their_presence",3,"question","error","Question card missing prompts","Question cards should have at least one prompt"
"widowed_honoring_memory","act_9_moving_forward",3,"question","error","Question card missing prompts","Question cards should have at least one prompt"
"widowed_kids_embrace_new_commitment","act_1_their_world_changes_again",3,"question","error","Question card missing prompts","Question cards should have at least one prompt"
"widowed_kids_embrace_new_commitment","act_2_loyalty_conflict",3,"question","error","Question card missing prompts","Question cards should have at least one prompt"
"widowed_kids_embrace_new_commitment","act_3_building_relationship",3,"question","error","Question card missing prompts","Question cards should have at least one prompt"
"widowed_kids_embrace_new_commitment","act_4_honoring_deceased_parent",3,"question","error","Question card missing prompts","Question cards should have at least one prompt"
"widowed_kids_embrace_new_commitment","act_5_communication",3,"question","error","Question card missing prompts","Question cards should have at least one prompt"
"widowed_kids_embrace_new_commitment","act_6_practical_changes",3,"question","error","Question card missing prompts","Question cards should have at least one prompt"
"widowed_kids_embrace_new_commitment","act_7_difficult_responses",3,"question","error","Question card missing prompts","Question cards should have at least one prompt"
"widowed_kids_embrace_new_commitment","act_8_your_partner_as_parent",3,"question","error","Question card missing prompts","Question cards should have at least one prompt"
"widowed_kids_embrace_new_commitment","act_9_wedding_integration",3,"question","error","Question card missing prompts","Question cards should have at least one prompt"
"widowed_navigating_grief_loss","act_1_the_weight_of_loss",3,"question","error","Question card missing prompts","Question cards should have at least one prompt"
"widowed_navigating_grief_loss","act_2_waves_of_grief",3,"question","error","Question card missing prompts","Question cards should have at least one prompt"
"widowed_navigating_grief_loss","act_3_grief_and_faith",3,"question","error","Question card missing prompts","Question cards should have at least one prompt"
"widowed_navigating_grief_loss","act_4_grief_in_your_body",3,"question","error","Question card missing prompts","Question cards should have at least one prompt"
"widowed_navigating_grief_loss","act_5_the_secondary_losses",3,"question","error","Question card missing prompts","Question cards should have at least one prompt"
"widowed_navigating_grief_loss","act_6_other_peoples_grief",3,"question","error","Question card missing prompts","Question cards should have at least one prompt"
"widowed_navigating_grief_loss","act_7_grief_and_guilt",3,"question","error","Question card missing prompts","Question cards should have at least one prompt"
"widowed_navigating_grief_loss","act_8_carrying_grief_forward",3,"question","error","Question card missing prompts","Question cards should have at least one prompt"
"widowed_navigating_grief_loss","act_9_hope_in_the_darkness",3,"question","error","Question card missing prompts","Question cards should have at least one prompt"
"widowed_opening_heart_new_love","act_1_the_question",3,"question","error","Question card missing prompts","Question cards should have at least one prompt"
"widowed_opening_heart_new_love","act_2_guilt_and_loyalty",3,"question","error","Question card missing prompts","Question cards should have at least one prompt"
"widowed_opening_heart_new_love","act_3_readiness",3,"question","error","Question card missing prompts","Question cards should have at least one prompt"
"widowed_opening_heart_new_love","act_4_what_you_want",3,"question","error","Question card missing prompts","Question cards should have at least one prompt"
"widowed_opening_heart_new_love","act_5_practical_navigation",3,"question","error","Question card missing prompts","Question cards should have at least one prompt"
"widowed_opening_heart_new_love","act_6_children_and_new_love",3,"question","error","Question card missing prompts","Question cards should have at least one prompt"
"widowed_opening_heart_new_love","act_7_honoring_spouse",3,"question","error","Question card missing prompts","Question cards should have at least one prompt"
"widowed_opening_heart_new_love","act_8_red_flags",3,"question","error","Question card missing prompts","Question cards should have at least one prompt"
"widowed_opening_heart_new_love","act_9_trusting_god",3,"question","error","Question card missing prompts","Question cards should have at least one prompt"
"widowed_preparing_new_covenant","act_1_covenant_again",3,"question","error","Question card missing prompts","Question cards should have at least one prompt"
"widowed_preparing_new_covenant","act_2_readiness_check",3,"question","error","Question card missing prompts","Question cards should have at least one prompt"
"widowed_preparing_new_covenant","act_3_alignment_essentials",3,"question","error","Question card missing prompts","Question cards should have at least one prompt"
"widowed_preparing_new_covenant","act_4_lessons_first_marriage",3,"question","error","Question card missing prompts","Question cards should have at least one prompt"
"widowed_preparing_new_covenant","act_5_honoring_past_embracing_future",3,"question","error","Question card missing prompts","Question cards should have at least one prompt"
"widowed_preparing_new_covenant","act_6_blended_family",3,"question","error","Question card missing prompts","Question cards should have at least one prompt"
"widowed_preparing_new_covenant","act_7_spiritual_foundation",3,"question","error","Question card missing prompts","Question cards should have at least one prompt"
"widowed_preparing_new_covenant","act_8_vows",3,"question","error","Question card missing prompts","Question cards should have at least one prompt"
"widowed_preparing_new_covenant","act_9_the_wedding",3,"question","error","Question card missing prompts","Question cards should have at least one prompt"
"widowed_rebuilding_life","act_1_life_dismantled",3,"question","error","Question card missing prompts","Question cards should have at least one prompt"
"widowed_rebuilding_life","act_2_immediate_practical",3,"question","error","Question card missing prompts","Question cards should have at least one prompt"
"widowed_rebuilding_life","act_3_financial_picture",3,"question","error","Question card missing prompts","Question cards should have at least one prompt"
"widowed_rebuilding_life","act_4_benefits_insurance",3,"question","error","Question card missing prompts","Question cards should have at least one prompt"
"widowed_rebuilding_life","act_5_legal_estate",3,"question","error","Question card missing prompts","Question cards should have at least one prompt"
"widowed_rebuilding_life","act_6_budget",3,"question","error","Question card missing prompts","Question cards should have at least one prompt"
"widowed_rebuilding_life","act_7_their_domain",3,"question","error","Question card missing prompts","Question cards should have at least one prompt"
"widowed_rebuilding_life","act_8_daily_routines",3,"question","error","Question card missing prompts","Question cards should have at least one prompt"
"widowed_rebuilding_life","act_9_decisions_alone",3,"question","error","Question card missing prompts","Question cards should have at least one prompt"
"widowed_rebuilding_life","act_10_home_space",3,"question","error","Question card missing prompts","Question cards should have at least one prompt"
"widowed_rebuilding_life","act_11_work_purpose",3,"question","error","Question card missing prompts","Question cards should have at least one prompt"
"widowed_rebuilding_life","act_12_self_care",3,"question","error","Question card missing prompts","Question cards should have at least one prompt"
"widowed_rebuilding_life","act_13_support_system",3,"question","error","Question card missing prompts","Question cards should have at least one prompt"
"widowed_rediscovering_identity","act_1_who_am_i_now",3,"question","error","Question card missing prompts","Question cards should have at least one prompt"
"widowed_rediscovering_identity","act_2_who_were_you_before",3,"question","error","Question card missing prompts","Question cards should have at least one prompt"
"widowed_rediscovering_identity","act_3_who_marriage_made",3,"question","error","Question card missing prompts","Question cards should have at least one prompt"
"widowed_rediscovering_identity","act_4_the_new_you",3,"question","error","Question card missing prompts","Question cards should have at least one prompt"
"widowed_rediscovering_identity","act_5_identity_in_god",3,"question","error","Question card missing prompts","Question cards should have at least one prompt"
"widowed_rediscovering_identity","act_6_purpose_question",3,"question","error","Question card missing prompts","Question cards should have at least one prompt"
"widowed_rediscovering_identity","act_7_trying_new_things",3,"question","error","Question card missing prompts","Question cards should have at least one prompt"
"widowed_rediscovering_identity","act_8_others_labels",3,"question","error","Question card missing prompts","Question cards should have at least one prompt"
"widowed_rediscovering_identity","act_9_meaning_from_loss",3,"question","error","Question card missing prompts","Question cards should have at least one prompt"
"widowed_staying_present_for_kids","act_1_the_impossible_task",3,"question","error","Question card missing prompts","Question cards should have at least one prompt"
"widowed_staying_present_for_kids","act_3_talking_about_them",3,"question","error","Question card missing prompts","Question cards should have at least one prompt"
"widowed_staying_present_for_kids","act_4_their_fears",3,"question","error","Question card missing prompts","Question cards should have at least one prompt"
"widowed_staying_present_for_kids","act_5_your_needs_matter",3,"question","error","Question card missing prompts","Question cards should have at least one prompt"
"widowed_staying_present_for_kids","act_6_new_family_rhythms",3,"question","error","Question card missing prompts","Question cards should have at least one prompt"
"widowed_staying_present_for_kids","act_7_when_youre_not_okay",3,"question","error","Question card missing prompts","Question cards should have at least one prompt"
"widowed_staying_present_for_kids","act_8_special_days",3,"question","error","Question card missing prompts","Question cards should have at least one prompt"
"widowed_staying_present_for_kids","act_9_getting_help",3,"question","error","Question card missing prompts","Question cards should have at least one prompt"
"singles_dating_purpose","act_12_purposeful_commitment",2,"action","info","High special character density","Text has 110 special chars (26.4%) - check readability"
"singles_faith_alignment","act_8_church_community",2,"action","info","High special character density","Text has 64 special chars (25.7%) - check readability"
"singles_faith_alignment","act_11_foundation_commitment",1,"action","info","High special character density","Text has 96 special chars (27.0%) - check readability"
"singles_sexual_chemistry","act_3_vulnerability_patterns",4,"action","info","High special character density","Text has 65 special chars (20.2%) - check readability"
"singles_sexual_chemistry","act_4_practical_strategies",2,"action","info","High special character density","Text has 81 special chars (23.1%) - check readability"
"singles_sexual_chemistry","act_11_purity_commitment",1,"action","info","High special character density","Text has 124 special chars (31.7%) - check readability"
"widowed_dealing_with_loneliness","act_1_the_emptiness",0,"teaching","info","Missing icon for card","Card has no icon - reduces visual appeal and consistency"
"widowed_dealing_with_loneliness","act_1_the_emptiness",1,"teaching","info","Missing icon for card","Card has no icon - reduces visual appeal and consistency"
"widowed_dealing_with_loneliness","act_1_the_emptiness",2,"teaching","info","Missing icon for card","Card has no icon - reduces visual appeal and consistency"
"widowed_dealing_with_loneliness","act_1_the_emptiness",4,"reflection","info","Missing icon for card","Card has no icon - reduces visual appeal and consistency"
"widowed_dealing_with_loneliness","act_1_the_emptiness",5,"action","info","Missing icon for card","Card has no icon - reduces visual appeal and consistency"
"widowed_dealing_with_loneliness","act_2_loneliness_vs_isolation",0,"teaching","info","Missing icon for card","Card has no icon - reduces visual appeal and consistency"
"widowed_dealing_with_loneliness","act_2_loneliness_vs_isolation",1,"teaching","info","Missing icon for card","Card has no icon - reduces visual appeal and consistency"
"widowed_dealing_with_loneliness","act_2_loneliness_vs_isolation",2,"teaching","info","Missing icon for card","Card has no icon - reduces visual appeal and consistency"
"widowed_dealing_with_loneliness","act_2_loneliness_vs_isolation",4,"reflection","info","Missing icon for card","Card has no icon - reduces visual appeal and consistency"
"widowed_dealing_with_loneliness","act_2_loneliness_vs_isolation",5,"action","info","Missing icon for card","Card has no icon - reduces visual appeal and consistency"
"widowed_dealing_with_loneliness","act_3_god_in_the_emptiness",0,"teaching","info","Missing icon for card","Card has no icon - reduces visual appeal and consistency"
"widowed_dealing_with_loneliness","act_3_god_in_the_emptiness",1,"teaching","info","Missing icon for card","Card has no icon - reduces visual appeal and consistency"
"widowed_dealing_with_loneliness","act_3_god_in_the_emptiness",2,"teaching","info","Missing icon for card","Card has no icon - reduces visual appeal and consistency"
"widowed_dealing_with_loneliness","act_3_god_in_the_emptiness",4,"reflection","info","Missing icon for card","Card has no icon - reduces visual appeal and consistency"
"widowed_dealing_with_loneliness","act_3_god_in_the_emptiness",5,"action","info","Missing icon for card","Card has no icon - reduces visual appeal and consistency"
"widowed_dealing_with_loneliness","act_4_rebuilding_connection",0,"teaching","info","Missing icon for card","Card has no icon - reduces visual appeal and consistency"
"widowed_dealing_with_loneliness","act_4_rebuilding_connection",1,"teaching","info","Missing icon for card","Card has no icon - reduces visual appeal and consistency"
"widowed_dealing_with_loneliness","act_4_rebuilding_connection",2,"teaching","info","Missing icon for card","Card has no icon - reduces visual appeal and consistency"
"widowed_dealing_with_loneliness","act_4_rebuilding_connection",4,"reflection","info","Missing icon for card","Card has no icon - reduces visual appeal and consistency"
"widowed_dealing_with_loneliness","act_4_rebuilding_connection",5,"action","info","Missing icon for card","Card has no icon - reduces visual appeal and consistency"
"widowed_dealing_with_loneliness","act_5_navigating_social_world",0,"teaching","info","Missing icon for card","Card has no icon - reduces visual appeal and consistency"
"widowed_dealing_with_loneliness","act_5_navigating_social_world",1,"teaching","info","Missing icon for card","Card has no icon - reduces visual appeal and consistency"
"widowed_dealing_with_loneliness","act_5_navigating_social_world",2,"teaching","info","Missing icon for card","Card has no icon - reduces visual appeal and consistency"
"widowed_dealing_with_loneliness","act_5_navigating_social_world",4,"reflection","info","Missing icon for card","Card has no icon - reduces visual appeal and consistency"
"widowed_dealing_with_loneliness","act_5_navigating_social_world",5,"action","info","Missing icon for card","Card has no icon - reduces visual appeal and consistency"
"widowed_dealing_with_loneliness","act_6_the_hardest_times",0,"teaching","info","Missing icon for card","Card has no icon - reduces visual appeal and consistency"
"widowed_dealing_with_loneliness","act_6_the_hardest_times",1,"teaching","info","Missing icon for card","Card has no icon - reduces visual appeal and consistency"
"widowed_dealing_with_loneliness","act_6_the_hardest_times",2,"teaching","info","Missing icon for card","Card has no icon - reduces visual appeal and consistency"
"widowed_dealing_with_loneliness","act_6_the_hardest_times",4,"reflection","info","Missing icon for card","Card has no icon - reduces visual appeal and consistency"
"widowed_dealing_with_loneliness","act_6_the_hardest_times",5,"action","info","Missing icon for card","Card has no icon - reduces visual appeal and consistency"
"widowed_dealing_with_loneliness","act_7_physical_touch",0,"teaching","info","Missing icon for card","Card has no icon - reduces visual appeal and consistency"
"widowed_dealing_with_loneliness","act_7_physical_touch",1,"teaching","info","Missing icon for card","Card has no icon - reduces visual appeal and consistency"
"widowed_dealing_with_loneliness","act_7_physical_touch",2,"teaching","info","Missing icon for card","Card has no icon - reduces visual appeal and consistency"
"widowed_dealing_with_loneliness","act_7_physical_touch",4,"reflection","info","Missing icon for card","Card has no icon - reduces visual appeal and consistency"
"widowed_dealing_with_loneliness","act_7_physical_touch",5,"action","info","Missing icon for card","Card has no icon - reduces visual appeal and consistency"
"widowed_dealing_with_loneliness","act_8_married_friends",0,"teaching","info","Missing icon for card","Card has no icon - reduces visual appeal and consistency"
"widowed_dealing_with_loneliness","act_8_married_friends",1,"teaching","info","Missing icon for card","Card has no icon - reduces visual appeal and consistency"
"widowed_dealing_with_loneliness","act_8_married_friends",2,"teaching","info","Missing icon for card","Card has no icon - reduces visual appeal and consistency"
"widowed_dealing_with_loneliness","act_8_married_friends",4,"reflection","info","Missing icon for card","Card has no icon - reduces visual appeal and consistency"
"widowed_dealing_with_loneliness","act_8_married_friends",5,"action","info","Missing icon for card","Card has no icon - reduces visual appeal and consistency"
"widowed_dealing_with_loneliness","act_9_finding_your_people",0,"teaching","info","Missing icon for card","Card has no icon - reduces visual appeal and consistency"
"widowed_dealing_with_loneliness","act_9_finding_your_people",1,"teaching","info","Missing icon for card","Card has no icon - reduces visual appeal and consistency"
"widowed_dealing_with_loneliness","act_9_finding_your_people",2,"teaching","info","Missing icon for card","Card has no icon - reduces visual appeal and consistency"
"widowed_dealing_with_loneliness","act_9_finding_your_people",4,"reflection","info","Missing icon for card","Card has no icon - reduces visual appeal and consistency"
"widowed_dealing_with_loneliness","act_9_finding_your_people",5,"action","info","Missing icon for card","Card has no icon - reduces visual appeal and consistency"
"widowed_dealing_with_loneliness","act_10_loneliness_to_solitude",0,"teaching","info","Missing icon for card","Card has no icon - reduces visual appeal and consistency"
"widowed_dealing_with_loneliness","act_10_loneliness_to_solitude",1,"teaching","info","Missing icon for card","Card has no icon - reduces visual appeal and consistency"
"widowed_dealing_with_loneliness","act_10_loneliness_to_solitude",2,"teaching","info","Missing icon for card","Card has no icon - reduces visual appeal and consistency"
"widowed_dealing_with_loneliness","act_10_loneliness_to_solitude",3,"reflection","info","Missing icon for card","Card has no icon - reduces visual appeal and consistency"
"widowed_dealing_with_loneliness","act_10_loneliness_to_solitude",4,"action","info","Missing icon for card","Card has no icon - reduces visual appeal and consistency"
"widowed_dealing_with_loneliness","act_10_loneliness_to_solitude",5,"action","info","Missing icon for card","Card has no icon - reduces visual appeal and consistency"
"widowed_holidays_anniversaries","act_1_calendar_minefields",0,"teaching","info","Missing icon for card","Card has no icon - reduces visual appeal and consistency"
"widowed_holidays_anniversaries","act_1_calendar_minefields",1,"teaching","info","Missing icon for card","Card has no icon - reduces visual appeal and consistency"
"widowed_holidays_anniversaries","act_1_calendar_minefields",2,"teaching","info","Missing icon for card","Card has no icon - reduces visual appeal and consistency"
"widowed_holidays_anniversaries","act_1_calendar_minefields",4,"reflection","info","Missing icon for card","Card has no icon - reduces visual appeal and consistency"
"widowed_holidays_anniversaries","act_1_calendar_minefields",5,"action","info","Missing icon for card","Card has no icon - reduces visual appeal and consistency"
"widowed_holidays_anniversaries","act_2_preparation",0,"teaching","info","Missing icon for card","Card has no icon - reduces visual appeal and consistency"
"widowed_holidays_anniversaries","act_2_preparation",1,"teaching","info","Missing icon for card","Card has no icon - reduces visual appeal and consistency"
"widowed_holidays_anniversaries","act_2_preparation",2,"teaching","info","Missing icon for card","Card has no icon - reduces visual appeal and consistency"
"widowed_holidays_anniversaries","act_2_preparation",4,"reflection","info","Missing icon for card","Card has no icon - reduces visual appeal and consistency"
"widowed_holidays_anniversaries","act_2_preparation",5,"action","info","Missing icon for card","Card has no icon - reduces visual appeal and consistency"
"widowed_holidays_anniversaries","act_3_firsts",0,"teaching","info","Missing icon for card","Card has no icon - reduces visual appeal and consistency"
"widowed_holidays_anniversaries","act_3_firsts",1,"teaching","info","Missing icon for card","Card has no icon - reduces visual appeal and consistency"
"widowed_holidays_anniversaries","act_3_firsts",2,"teaching","info","Missing icon for card","Card has no icon - reduces visual appeal and consistency"
"widowed_holidays_anniversaries","act_3_firsts",4,"reflection","info","Missing icon for card","Card has no icon - reduces visual appeal and consistency"
"widowed_holidays_anniversaries","act_3_firsts",5,"action","info","Missing icon for card","Card has no icon - reduces visual appeal and consistency"
"widowed_holidays_anniversaries","act_4_holidays",0,"teaching","info","Missing icon for card","Card has no icon - reduces visual appeal and consistency"
"widowed_holidays_anniversaries","act_4_holidays",1,"teaching","info","Missing icon for card","Card has no icon - reduces visual appeal and consistency"
"widowed_holidays_anniversaries","act_4_holidays",2,"teaching","info","Missing icon for card","Card has no icon - reduces visual appeal and consistency"
"widowed_holidays_anniversaries","act_4_holidays",4,"reflection","info","Missing icon for card","Card has no icon - reduces visual appeal and consistency"
"widowed_holidays_anniversaries","act_4_holidays",5,"action","info","Missing icon for card","Card has no icon - reduces visual appeal and consistency"
"widowed_holidays_anniversaries","act_5_personal_dates",0,"teaching","info","Missing icon for card","Card has no icon - reduces visual appeal and consistency"
"widowed_holidays_anniversaries","act_5_personal_dates",1,"teaching","info","Missing icon for card","Card has no icon - reduces visual appeal and consistency"
"widowed_holidays_anniversaries","act_5_personal_dates",2,"teaching","info","Missing icon for card","Card has no icon - reduces visual appeal and consistency"
"widowed_holidays_anniversaries","act_5_personal_dates",4,"reflection","info","Missing icon for card","Card has no icon - reduces visual appeal and consistency"
"widowed_holidays_anniversaries","act_5_personal_dates",5,"action","info","Missing icon for card","Card has no icon - reduces visual appeal and consistency"
"widowed_holidays_anniversaries","act_6_new_traditions",0,"teaching","info","Missing icon for card","Card has no icon - reduces visual appeal and consistency"
"widowed_holidays_anniversaries","act_6_new_traditions",1,"teaching","info","Missing icon for card","Card has no icon - reduces visual appeal and consistency"
"widowed_holidays_anniversaries","act_6_new_traditions",2,"teaching","info","Missing icon for card","Card has no icon - reduces visual appeal and consistency"
"widowed_holidays_anniversaries","act_6_new_traditions",4,"reflection","info","Missing icon for card","Card has no icon - reduces visual appeal and consistency"
"widowed_holidays_anniversaries","act_6_new_traditions",5,"action","info","Missing icon for card","Card has no icon - reduces visual appeal and consistency"
"widowed_holidays_anniversaries","act_7_helping_children",0,"teaching","info","Missing icon for card","Card has no icon - reduces visual appeal and consistency"
"widowed_holidays_anniversaries","act_7_helping_children",1,"teaching","info","Missing icon for card","Card has no icon - reduces visual appeal and consistency"
"widowed_holidays_anniversaries","act_7_helping_children",2,"teaching","info","Missing icon for card","Card has no icon - reduces visual appeal and consistency"
"widowed_holidays_anniversaries","act_7_helping_children",4,"reflection","info","Missing icon for card","Card has no icon - reduces visual appeal and consistency"
"widowed_holidays_anniversaries","act_7_helping_children",5,"action","info","Missing icon for card","Card has no icon - reduces visual appeal and consistency"
"widowed_holidays_anniversaries","act_8_faith_and_holidays",0,"teaching","info","Missing icon for card","Card has no icon - reduces visual appeal and consistency"
"widowed_holidays_anniversaries","act_8_faith_and_holidays",1,"teaching","info","Missing icon for card","Card has no icon - reduces visual appeal and consistency"
"widowed_holidays_anniversaries","act_8_faith_and_holidays",2,"teaching","info","Missing icon for card","Card has no icon - reduces visual appeal and consistency"
"widowed_holidays_anniversaries","act_8_faith_and_holidays",4,"reflection","info","Missing icon for card","Card has no icon - reduces visual appeal and consistency"
"widowed_holidays_anniversaries","act_8_faith_and_holidays",5,"action","info","Missing icon for card","Card has no icon - reduces visual appeal and consistency"
"widowed_holidays_anniversaries","act_9_support_system",0,"teaching","info","Missing icon for card","Card has no icon - reduces visual appeal and consistency"
"widowed_holidays_anniversaries","act_9_support_system",1,"teaching","info","Missing icon for card","Card has no icon - reduces visual appeal and consistency"
"widowed_holidays_anniversaries","act_9_support_system",2,"teaching","info","Missing icon for card","Card has no icon - reduces visual appeal and consistency"
"widowed_holidays_anniversaries","act_9_support_system",4,"reflection","info","Missing icon for card","Card has no icon - reduces visual appeal and consistency"
"widowed_holidays_anniversaries","act_9_support_system",5,"action","info","Missing icon for card","Card has no icon - reduces visual appeal and consistency"
"widowed_holidays_anniversaries","act_10_reclaiming_days",0,"teaching","info","Missing icon for card","Card has no icon - reduces visual appeal and consistency"
"widowed_holidays_anniversaries","act_10_reclaiming_days",1,"teaching","info","Missing icon for card","Card has no icon - reduces visual appeal and consistency"
"widowed_holidays_anniversaries","act_10_reclaiming_days",2,"teaching","info","Missing icon for card","Card has no icon - reduces visual appeal and consistency"
"widowed_holidays_anniversaries","act_10_reclaiming_days",3,"reflection","info","Missing icon for card","Card has no icon - reduces visual appeal and consistency"
"widowed_holidays_anniversaries","act_10_reclaiming_days",4,"action","info","Missing icon for card","Card has no icon - reduces visual appeal and consistency"
"widowed_holidays_anniversaries","act_10_reclaiming_days",5,"action","info","Missing icon for card","Card has no icon - reduces visual appeal and consistency"
"widowed_honoring_memory","act_1_memory_and_life",0,"teaching","info","Missing icon for card","Card has no icon - reduces visual appeal and consistency"
"widowed_honoring_memory","act_1_memory_and_life",1,"teaching","info","Missing icon for card","Card has no icon - reduces visual appeal and consistency"
"widowed_honoring_memory","act_1_memory_and_life",2,"teaching","info","Missing icon for card","Card has no icon - reduces visual appeal and consistency"
"widowed_honoring_memory","act_1_memory_and_life",4,"reflection","info","Missing icon for card","Card has no icon - reduces visual appeal and consistency"
"widowed_honoring_memory","act_1_memory_and_life",5,"action","info","Missing icon for card","Card has no icon - reduces visual appeal and consistency"
"widowed_honoring_memory","act_2_ways_to_remember",0,"teaching","info","Missing icon for card","Card has no icon - reduces visual appeal and consistency"
"widowed_honoring_memory","act_2_ways_to_remember",1,"teaching","info","Missing icon for card","Card has no icon - reduces visual appeal and consistency"
"widowed_honoring_memory","act_2_ways_to_remember",2,"teaching","info","Missing icon for card","Card has no icon - reduces visual appeal and consistency"
"widowed_honoring_memory","act_2_ways_to_remember",4,"reflection","info","Missing icon for card","Card has no icon - reduces visual appeal and consistency"
"widowed_honoring_memory","act_2_ways_to_remember",5,"action","info","Missing icon for card","Card has no icon - reduces visual appeal and consistency"
"widowed_honoring_memory","act_3_their_belongings",0,"teaching","info","Missing icon for card","Card has no icon - reduces visual appeal and consistency"
"widowed_honoring_memory","act_3_their_belongings",1,"teaching","info","Missing icon for card","Card has no icon - reduces visual appeal and consistency"
"widowed_honoring_memory","act_3_their_belongings",2,"teaching","info","Missing icon for card","Card has no icon - reduces visual appeal and consistency"
"widowed_honoring_memory","act_3_their_belongings",4,"reflection","info","Missing icon for card","Card has no icon - reduces visual appeal and consistency"
"widowed_honoring_memory","act_3_their_belongings",5,"action","info","Missing icon for card","Card has no icon - reduces visual appeal and consistency"
"widowed_honoring_memory","act_4_telling_their_story",0,"teaching","info","Missing icon for card","Card has no icon - reduces visual appeal and consistency"
"widowed_honoring_memory","act_4_telling_their_story",1,"teaching","info","Missing icon for card","Card has no icon - reduces visual appeal and consistency"
"widowed_honoring_memory","act_4_telling_their_story",2,"teaching","info","Missing icon for card","Card has no icon - reduces visual appeal and consistency"
"widowed_honoring_memory","act_4_telling_their_story",4,"reflection","info","Missing icon for card","Card has no icon - reduces visual appeal and consistency"
"widowed_honoring_memory","act_4_telling_their_story",5,"action","info","Missing icon for card","Card has no icon - reduces visual appeal and consistency"
"widowed_honoring_memory","act_5_legacy_projects",0,"teaching","info","Missing icon for card","Card has no icon - reduces visual appeal and consistency"
"widowed_honoring_memory","act_5_legacy_projects",1,"teaching","info","Missing icon for card","Card has no icon - reduces visual appeal and consistency"
"widowed_honoring_memory","act_5_legacy_projects",2,"teaching","info","Missing icon for card","Card has no icon - reduces visual appeal and consistency"
"widowed_honoring_memory","act_5_legacy_projects",4,"reflection","info","Missing icon for card","Card has no icon - reduces visual appeal and consistency"
"widowed_honoring_memory","act_5_legacy_projects",5,"action","info","Missing icon for card","Card has no icon - reduces visual appeal and consistency"
"widowed_honoring_memory","act_6_children_and_memory",0,"teaching","info","Missing icon for card","Card has no icon - reduces visual appeal and consistency"
"widowed_honoring_memory","act_6_children_and_memory",1,"teaching","info","Missing icon for card","Card has no icon - reduces visual appeal and consistency"
"widowed_honoring_memory","act_6_children_and_memory",2,"teaching","info","Missing icon for card","Card has no icon - reduces visual appeal and consistency"
"widowed_honoring_memory","act_6_children_and_memory",4,"reflection","info","Missing icon for card","Card has no icon - reduces visual appeal and consistency"
"widowed_honoring_memory","act_6_children_and_memory",5,"action","info","Missing icon for card","Card has no icon - reduces visual appeal and consistency"
"widowed_honoring_memory","act_7_creating_new_memories",0,"teaching","info","Missing icon for card","Card has no icon - reduces visual appeal and consistency"
"widowed_honoring_memory","act_7_creating_new_memories",1,"teaching","info","Missing icon for card","Card has no icon - reduces visual appeal and consistency"
"widowed_honoring_memory","act_7_creating_new_memories",2,"teaching","info","Missing icon for card","Card has no icon - reduces visual appeal and consistency"
"widowed_honoring_memory","act_7_creating_new_memories",4,"reflection","info","Missing icon for card","Card has no icon - reduces visual appeal and consistency"
"widowed_honoring_memory","act_7_creating_new_memories",5,"action","info","Missing icon for card","Card has no icon - reduces visual appeal and consistency"
"widowed_honoring_memory","act_8_their_presence",0,"teaching","info","Missing icon for card","Card has no icon - reduces visual appeal and consistency"
"widowed_honoring_memory","act_8_their_presence",1,"teaching","info","Missing icon for card","Card has no icon - reduces visual appeal and consistency"
"widowed_honoring_memory","act_8_their_presence",2,"teaching","info","Missing icon for card","Card has no icon - reduces visual appeal and consistency"
"widowed_honoring_memory","act_8_their_presence",4,"reflection","info","Missing icon for card","Card has no icon - reduces visual appeal and consistency"
"widowed_honoring_memory","act_8_their_presence",5,"action","info","Missing icon for card","Card has no icon - reduces visual appeal and consistency"
"widowed_honoring_memory","act_9_moving_forward",0,"teaching","info","Missing icon for card","Card has no icon - reduces visual appeal and consistency"
"widowed_honoring_memory","act_9_moving_forward",1,"teaching","info","Missing icon for card","Card has no icon - reduces visual appeal and consistency"
"widowed_honoring_memory","act_9_moving_forward",2,"teaching","info","Missing icon for card","Card has no icon - reduces visual appeal and consistency"
"widowed_honoring_memory","act_9_moving_forward",4,"reflection","info","Missing icon for card","Card has no icon - reduces visual appeal and consistency"
"widowed_honoring_memory","act_9_moving_forward",5,"action","info","Missing icon for card","Card has no icon - reduces visual appeal and consistency"
"widowed_honoring_memory","act_10_honoring_and_living",0,"teaching","info","Missing icon for card","Card has no icon - reduces visual appeal and consistency"
"widowed_honoring_memory","act_10_honoring_and_living",1,"teaching","info","Missing icon for card","Card has no icon - reduces visual appeal and consistency"
"widowed_honoring_memory","act_10_honoring_and_living",2,"teaching","info","Missing icon for card","Card has no icon - reduces visual appeal and consistency"
"widowed_honoring_memory","act_10_honoring_and_living",3,"reflection","info","Missing icon for card","Card has no icon - reduces visual appeal and consistency"
"widowed_honoring_memory","act_10_honoring_and_living",4,"action","info","Missing icon for card","Card has no icon - reduces visual appeal and consistency"
"widowed_honoring_memory","act_10_honoring_and_living",5,"action","info","Missing icon for card","Card has no icon - reduces visual appeal and consistency"
"widowed_kids_embrace_new_commitment","act_1_their_world_changes_again",0,"teaching","info","Missing icon for card","Card has no icon - reduces visual appeal and consistency"
"widowed_kids_embrace_new_commitment","act_1_their_world_changes_again",1,"teaching","info","Missing icon for card","Card has no icon - reduces visual appeal and consistency"
"widowed_kids_embrace_new_commitment","act_1_their_world_changes_again",2,"teaching","info","Missing icon for card","Card has no icon - reduces visual appeal and consistency"
"widowed_kids_embrace_new_commitment","act_1_their_world_changes_again",4,"reflection","info","Missing icon for card","Card has no icon - reduces visual appeal and consistency"
"widowed_kids_embrace_new_commitment","act_1_their_world_changes_again",5,"action","info","Missing icon for card","Card has no icon - reduces visual appeal and consistency"
"widowed_kids_embrace_new_commitment","act_2_loyalty_conflict",0,"teaching","info","Missing icon for card","Card has no icon - reduces visual appeal and consistency"
"widowed_kids_embrace_new_commitment","act_2_loyalty_conflict",1,"teaching","info","Missing icon for card","Card has no icon - reduces visual appeal and consistency"
"widowed_kids_embrace_new_commitment","act_2_loyalty_conflict",2,"teaching","info","Missing icon for card","Card has no icon - reduces visual appeal and consistency"
"widowed_kids_embrace_new_commitment","act_2_loyalty_conflict",4,"reflection","info","Missing icon for card","Card has no icon - reduces visual appeal and consistency"
"widowed_kids_embrace_new_commitment","act_2_loyalty_conflict",5,"action","info","Missing icon for card","Card has no icon - reduces visual appeal and consistency"
"widowed_kids_embrace_new_commitment","act_3_building_relationship",0,"teaching","info","Missing icon for card","Card has no icon - reduces visual appeal and consistency"
"widowed_kids_embrace_new_commitment","act_3_building_relationship",1,"teaching","info","Missing icon for card","Card has no icon - reduces visual appeal and consistency"
"widowed_kids_embrace_new_commitment","act_3_building_relationship",2,"teaching","info","Missing icon for card","Card has no icon - reduces visual appeal and consistency"
"widowed_kids_embrace_new_commitment","act_3_building_relationship",4,"reflection","info","Missing icon for card","Card has no icon - reduces visual appeal and consistency"
"widowed_kids_embrace_new_commitment","act_3_building_relationship",5,"action","info","Missing icon for card","Card has no icon - reduces visual appeal and consistency"
"widowed_kids_embrace_new_commitment","act_4_honoring_deceased_parent",0,"teaching","info","Missing icon for card","Card has no icon - reduces visual appeal and consistency"
"widowed_kids_embrace_new_commitment","act_4_honoring_deceased_parent",1,"teaching","info","Missing icon for card","Card has no icon - reduces visual appeal and consistency"
"widowed_kids_embrace_new_commitment","act_4_honoring_deceased_parent",2,"teaching","info","Missing icon for card","Card has no icon - reduces visual appeal and consistency"
"widowed_kids_embrace_new_commitment","act_4_honoring_deceased_parent",4,"reflection","info","Missing icon for card","Card has no icon - reduces visual appeal and consistency"
"widowed_kids_embrace_new_commitment","act_4_honoring_deceased_parent",5,"action","info","Missing icon for card","Card has no icon - reduces visual appeal and consistency"
"widowed_kids_embrace_new_commitment","act_5_communication",0,"teaching","info","Missing icon for card","Card has no icon - reduces visual appeal and consistency"
"widowed_kids_embrace_new_commitment","act_5_communication",1,"teaching","info","Missing icon for card","Card has no icon - reduces visual appeal and consistency"
"widowed_kids_embrace_new_commitment","act_5_communication",2,"teaching","info","Missing icon for card","Card has no icon - reduces visual appeal and consistency"
"widowed_kids_embrace_new_commitment","act_5_communication",4,"reflection","info","Missing icon for card","Card has no icon - reduces visual appeal and consistency"
"widowed_kids_embrace_new_commitment","act_5_communication",5,"action","info","Missing icon for card","Card has no icon - reduces visual appeal and consistency"
"widowed_kids_embrace_new_commitment","act_6_practical_changes",0,"teaching","info","Missing icon for card","Card has no icon - reduces visual appeal and consistency"
"widowed_kids_embrace_new_commitment","act_6_practical_changes",1,"teaching","info","Missing icon for card","Card has no icon - reduces visual appeal and consistency"
"widowed_kids_embrace_new_commitment","act_6_practical_changes",2,"teaching","info","Missing icon for card","Card has no icon - reduces visual appeal and consistency"
"widowed_kids_embrace_new_commitment","act_6_practical_changes",4,"reflection","info","Missing icon for card","Card has no icon - reduces visual appeal and consistency"
"widowed_kids_embrace_new_commitment","act_6_practical_changes",5,"action","info","Missing icon for card","Card has no icon - reduces visual appeal and consistency"
"widowed_kids_embrace_new_commitment","act_7_difficult_responses",0,"teaching","info","Missing icon for card","Card has no icon - reduces visual appeal and consistency"
"widowed_kids_embrace_new_commitment","act_7_difficult_responses",1,"teaching","info","Missing icon for card","Card has no icon - reduces visual appeal and consistency"
"widowed_kids_embrace_new_commitment","act_7_difficult_responses",2,"teaching","info","Missing icon for card","Card has no icon - reduces visual appeal and consistency"
"widowed_kids_embrace_new_commitment","act_7_difficult_responses",4,"reflection","info","Missing icon for card","Card has no icon - reduces visual appeal and consistency"
"widowed_kids_embrace_new_commitment","act_7_difficult_responses",5,"action","info","Missing icon for card","Card has no icon - reduces visual appeal and consistency"
"widowed_kids_embrace_new_commitment","act_8_your_partner_as_parent",0,"teaching","info","Missing icon for card","Card has no icon - reduces visual appeal and consistency"
"widowed_kids_embrace_new_commitment","act_8_your_partner_as_parent",1,"teaching","info","Missing icon for card","Card has no icon - reduces visual appeal and consistency"
"widowed_kids_embrace_new_commitment","act_8_your_partner_as_parent",2,"teaching","info","Missing icon for card","Card has no icon - reduces visual appeal and consistency"
"widowed_kids_embrace_new_commitment","act_8_your_partner_as_parent",4,"reflection","info","Missing icon for card","Card has no icon - reduces visual appeal and consistency"
"widowed_kids_embrace_new_commitment","act_8_your_partner_as_parent",5,"action","info","Missing icon for card","Card has no icon - reduces visual appeal and consistency"
"widowed_kids_embrace_new_commitment","act_9_wedding_integration",0,"teaching","info","Missing icon for card","Card has no icon - reduces visual appeal and consistency"
"widowed_kids_embrace_new_commitment","act_9_wedding_integration",1,"teaching","info","Missing icon for card","Card has no icon - reduces visual appeal and consistency"
"widowed_kids_embrace_new_commitment","act_9_wedding_integration",2,"teaching","info","Missing icon for card","Card has no icon - reduces visual appeal and consistency"
"widowed_kids_embrace_new_commitment","act_9_wedding_integration",4,"reflection","info","Missing icon for card","Card has no icon - reduces visual appeal and consistency"
"widowed_kids_embrace_new_commitment","act_9_wedding_integration",5,"action","info","Missing icon for card","Card has no icon - reduces visual appeal and consistency"
"widowed_kids_embrace_new_commitment","act_10_the_family_ahead",0,"teaching","info","Missing icon for card","Card has no icon - reduces visual appeal and consistency"
"widowed_kids_embrace_new_commitment","act_10_the_family_ahead",1,"teaching","info","Missing icon for card","Card has no icon - reduces visual appeal and consistency"
"widowed_kids_embrace_new_commitment","act_10_the_family_ahead",2,"teaching","info","Missing icon for card","Card has no icon - reduces visual appeal and consistency"
"widowed_kids_embrace_new_commitment","act_10_the_family_ahead",3,"reflection","info","Missing icon for card","Card has no icon - reduces visual appeal and consistency"
"widowed_kids_embrace_new_commitment","act_10_the_family_ahead",4,"action","info","Missing icon for card","Card has no icon - reduces visual appeal and consistency"
"widowed_kids_embrace_new_commitment","act_10_the_family_ahead",5,"action","info","Missing icon for card","Card has no icon - reduces visual appeal and consistency"
"widowed_navigating_grief_loss","act_1_the_weight_of_loss",0,"teaching","info","Missing icon for card","Card has no icon - reduces visual appeal and consistency"
"widowed_navigating_grief_loss","act_1_the_weight_of_loss",1,"teaching","info","Missing icon for card","Card has no icon - reduces visual appeal and consistency"
"widowed_navigating_grief_loss","act_1_the_weight_of_loss",2,"teaching","info","Missing icon for card","Card has no icon - reduces visual appeal and consistency"
"widowed_navigating_grief_loss","act_1_the_weight_of_loss",4,"reflection","info","Missing icon for card","Card has no icon - reduces visual appeal and consistency"
"widowed_navigating_grief_loss","act_1_the_weight_of_loss",5,"action","info","Missing icon for card","Card has no icon - reduces visual appeal and consistency"
"widowed_navigating_grief_loss","act_2_waves_of_grief",0,"teaching","info","Missing icon for card","Card has no icon - reduces visual appeal and consistency"
"widowed_navigating_grief_loss","act_2_waves_of_grief",1,"teaching","info","Missing icon for card","Card has no icon - reduces visual appeal and consistency"
"widowed_navigating_grief_loss","act_2_waves_of_grief",2,"teaching","info","Missing icon for card","Card has no icon - reduces visual appeal and consistency"
"widowed_navigating_grief_loss","act_2_waves_of_grief",4,"reflection","info","Missing icon for card","Card has no icon - reduces visual appeal and consistency"
"widowed_navigating_grief_loss","act_2_waves_of_grief",5,"action","info","Missing icon for card","Card has no icon - reduces visual appeal and consistency"
"widowed_navigating_grief_loss","act_3_grief_and_faith",0,"teaching","info","Missing icon for card","Card has no icon - reduces visual appeal and consistency"
"widowed_navigating_grief_loss","act_3_grief_and_faith",1,"teaching","info","Missing icon for card","Card has no icon - reduces visual appeal and consistency"
"widowed_navigating_grief_loss","act_3_grief_and_faith",2,"teaching","info","Missing icon for card","Card has no icon - reduces visual appeal and consistency"
"widowed_navigating_grief_loss","act_3_grief_and_faith",4,"reflection","info","Missing icon for card","Card has no icon - reduces visual appeal and consistency"
"widowed_navigating_grief_loss","act_3_grief_and_faith",5,"action","info","Missing icon for card","Card has no icon - reduces visual appeal and consistency"
"widowed_navigating_grief_loss","act_4_grief_in_your_body",0,"teaching","info","Missing icon for card","Card has no icon - reduces visual appeal and consistency"
"widowed_navigating_grief_loss","act_4_grief_in_your_body",1,"teaching","info","Missing icon for card","Card has no icon - reduces visual appeal and consistency"
"widowed_navigating_grief_loss","act_4_grief_in_your_body",2,"teaching","info","Missing icon for card","Card has no icon - reduces visual appeal and consistency"
"widowed_navigating_grief_loss","act_4_grief_in_your_body",4,"reflection","info","Missing icon for card","Card has no icon - reduces visual appeal and consistency"
"widowed_navigating_grief_loss","act_4_grief_in_your_body",5,"action","info","Missing icon for card","Card has no icon - reduces visual appeal and consistency"
"widowed_navigating_grief_loss","act_5_the_secondary_losses",0,"teaching","info","Missing icon for card","Card has no icon - reduces visual appeal and consistency"
"widowed_navigating_grief_loss","act_5_the_secondary_losses",1,"teaching","info","Missing icon for card","Card has no icon - reduces visual appeal and consistency"
"widowed_navigating_grief_loss","act_5_the_secondary_losses",2,"teaching","info","Missing icon for card","Card has no icon - reduces visual appeal and consistency"
"widowed_navigating_grief_loss","act_5_the_secondary_losses",4,"reflection","info","Missing icon for card","Card has no icon - reduces visual appeal and consistency"
"widowed_navigating_grief_loss","act_5_the_secondary_losses",5,"action","info","Missing icon for card","Card has no icon - reduces visual appeal and consistency"
"widowed_navigating_grief_loss","act_6_other_peoples_grief",0,"teaching","info","Missing icon for card","Card has no icon - reduces visual appeal and consistency"
"widowed_navigating_grief_loss","act_6_other_peoples_grief",1,"teaching","info","Missing icon for card","Card has no icon - reduces visual appeal and consistency"
"widowed_navigating_grief_loss","act_6_other_peoples_grief",2,"teaching","info","Missing icon for card","Card has no icon - reduces visual appeal and consistency"
"widowed_navigating_grief_loss","act_6_other_peoples_grief",4,"reflection","info","Missing icon for card","Card has no icon - reduces visual appeal and consistency"
"widowed_navigating_grief_loss","act_6_other_peoples_grief",5,"action","info","Missing icon for card","Card has no icon - reduces visual appeal and consistency"
"widowed_navigating_grief_loss","act_7_grief_and_guilt",0,"teaching","info","Missing icon for card","Card has no icon - reduces visual appeal and consistency"
"widowed_navigating_grief_loss","act_7_grief_and_guilt",1,"teaching","info","Missing icon for card","Card has no icon - reduces visual appeal and consistency"
"widowed_navigating_grief_loss","act_7_grief_and_guilt",2,"teaching","info","Missing icon for card","Card has no icon - reduces visual appeal and consistency"
"widowed_navigating_grief_loss","act_7_grief_and_guilt",4,"reflection","info","Missing icon for card","Card has no icon - reduces visual appeal and consistency"
"widowed_navigating_grief_loss","act_7_grief_and_guilt",5,"action","info","Missing icon for card","Card has no icon - reduces visual appeal and consistency"
"widowed_navigating_grief_loss","act_8_carrying_grief_forward",0,"teaching","info","Missing icon for card","Card has no icon - reduces visual appeal and consistency"
"widowed_navigating_grief_loss","act_8_carrying_grief_forward",1,"teaching","info","Missing icon for card","Card has no icon - reduces visual appeal and consistency"
"widowed_navigating_grief_loss","act_8_carrying_grief_forward",2,"teaching","info","Missing icon for card","Card has no icon - reduces visual appeal and consistency"
"widowed_navigating_grief_loss","act_8_carrying_grief_forward",4,"reflection","info","Missing icon for card","Card has no icon - reduces visual appeal and consistency"
"widowed_navigating_grief_loss","act_8_carrying_grief_forward",5,"action","info","Missing icon for card","Card has no icon - reduces visual appeal and consistency"
"widowed_navigating_grief_loss","act_9_hope_in_the_darkness",0,"teaching","info","Missing icon for card","Card has no icon - reduces visual appeal and consistency"
"widowed_navigating_grief_loss","act_9_hope_in_the_darkness",1,"teaching","info","Missing icon for card","Card has no icon - reduces visual appeal and consistency"
"widowed_navigating_grief_loss","act_9_hope_in_the_darkness",2,"teaching","info","Missing icon for card","Card has no icon - reduces visual appeal and consistency"
"widowed_navigating_grief_loss","act_9_hope_in_the_darkness",4,"reflection","info","Missing icon for card","Card has no icon - reduces visual appeal and consistency"
"widowed_navigating_grief_loss","act_9_hope_in_the_darkness",5,"action","info","Missing icon for card","Card has no icon - reduces visual appeal and consistency"
"widowed_navigating_grief_loss","act_10_continuing_forward",0,"teaching","info","Missing icon for card","Card has no icon - reduces visual appeal and consistency"
"widowed_navigating_grief_loss","act_10_continuing_forward",1,"teaching","info","Missing icon for card","Card has no icon - reduces visual appeal and consistency"
"widowed_navigating_grief_loss","act_10_continuing_forward",2,"teaching","info","Missing icon for card","Card has no icon - reduces visual appeal and consistency"
"widowed_navigating_grief_loss","act_10_continuing_forward",3,"reflection","info","Missing icon for card","Card has no icon - reduces visual appeal and consistency"
"widowed_navigating_grief_loss","act_10_continuing_forward",4,"action","info","Missing icon for card","Card has no icon - reduces visual appeal and consistency"
"widowed_navigating_grief_loss","act_10_continuing_forward",5,"action","info","Missing icon for card","Card has no icon - reduces visual appeal and consistency"
"widowed_opening_heart_new_love","act_1_the_question",0,"teaching","info","Missing icon for card","Card has no icon - reduces visual appeal and consistency"
"widowed_opening_heart_new_love","act_1_the_question",1,"teaching","info","Missing icon for card","Card has no icon - reduces visual appeal and consistency"
"widowed_opening_heart_new_love","act_1_the_question",2,"teaching","info","Missing icon for card","Card has no icon - reduces visual appeal and consistency"
"widowed_opening_heart_new_love","act_1_the_question",4,"reflection","info","Missing icon for card","Card has no icon - reduces visual appeal and consistency"
"widowed_opening_heart_new_love","act_1_the_question",5,"action","info","Missing icon for card","Card has no icon - reduces visual appeal and consistency"
"widowed_opening_heart_new_love","act_2_guilt_and_loyalty",0,"teaching","info","Missing icon for card","Card has no icon - reduces visual appeal and consistency"
"widowed_opening_heart_new_love","act_2_guilt_and_loyalty",1,"teaching","info","Missing icon for card","Card has no icon - reduces visual appeal and consistency"
"widowed_opening_heart_new_love","act_2_guilt_and_loyalty",2,"teaching","info","Missing icon for card","Card has no icon - reduces visual appeal and consistency"
"widowed_opening_heart_new_love","act_2_guilt_and_loyalty",4,"reflection","info","Missing icon for card","Card has no icon - reduces visual appeal and consistency"
"widowed_opening_heart_new_love","act_2_guilt_and_loyalty",5,"action","info","Missing icon for card","Card has no icon - reduces visual appeal and consistency"
"widowed_opening_heart_new_love","act_3_readiness",0,"teaching","info","Missing icon for card","Card has no icon - reduces visual appeal and consistency"
"widowed_opening_heart_new_love","act_3_readiness",1,"teaching","info","Missing icon for card","Card has no icon - reduces visual appeal and consistency"
"widowed_opening_heart_new_love","act_3_readiness",2,"teaching","info","Missing icon for card","Card has no icon - reduces visual appeal and consistency"
"widowed_opening_heart_new_love","act_3_readiness",4,"reflection","info","Missing icon for card","Card has no icon - reduces visual appeal and consistency"
"widowed_opening_heart_new_love","act_3_readiness",5,"action","info","Missing icon for card","Card has no icon - reduces visual appeal and consistency"
"widowed_opening_heart_new_love","act_4_what_you_want",0,"teaching","info","Missing icon for card","Card has no icon - reduces visual appeal and consistency"
"widowed_opening_heart_new_love","act_4_what_you_want",1,"teaching","info","Missing icon for card","Card has no icon - reduces visual appeal and consistency"
"widowed_opening_heart_new_love","act_4_what_you_want",2,"teaching","info","Missing icon for card","Card has no icon - reduces visual appeal and consistency"
"widowed_opening_heart_new_love","act_4_what_you_want",4,"reflection","info","Missing icon for card","Card has no icon - reduces visual appeal and consistency"
"widowed_opening_heart_new_love","act_4_what_you_want",5,"action","info","Missing icon for card","Card has no icon - reduces visual appeal and consistency"
"widowed_opening_heart_new_love","act_5_practical_navigation",0,"teaching","info","Missing icon for card","Card has no icon - reduces visual appeal and consistency"
"widowed_opening_heart_new_love","act_5_practical_navigation",1,"teaching","info","Missing icon for card","Card has no icon - reduces visual appeal and consistency"
"widowed_opening_heart_new_love","act_5_practical_navigation",2,"teaching","info","Missing icon for card","Card has no icon - reduces visual appeal and consistency"
"widowed_opening_heart_new_love","act_5_practical_navigation",4,"reflection","info","Missing icon for card","Card has no icon - reduces visual appeal and consistency"
"widowed_opening_heart_new_love","act_5_practical_navigation",5,"action","info","Missing icon for card","Card has no icon - reduces visual appeal and consistency"
"widowed_opening_heart_new_love","act_6_children_and_new_love",0,"teaching","info","Missing icon for card","Card has no icon - reduces visual appeal and consistency"
"widowed_opening_heart_new_love","act_6_children_and_new_love",1,"teaching","info","Missing icon for card","Card has no icon - reduces visual appeal and consistency"
"widowed_opening_heart_new_love","act_6_children_and_new_love",2,"teaching","info","Missing icon for card","Card has no icon - reduces visual appeal and consistency"
"widowed_opening_heart_new_love","act_6_children_and_new_love",4,"reflection","info","Missing icon for card","Card has no icon - reduces visual appeal and consistency"
"widowed_opening_heart_new_love","act_6_children_and_new_love",5,"action","info","Missing icon for card","Card has no icon - reduces visual appeal and consistency"
"widowed_opening_heart_new_love","act_7_honoring_spouse",0,"teaching","info","Missing icon for card","Card has no icon - reduces visual appeal and consistency"
"widowed_opening_heart_new_love","act_7_honoring_spouse",1,"teaching","info","Missing icon for card","Card has no icon - reduces visual appeal and consistency"
"widowed_opening_heart_new_love","act_7_honoring_spouse",2,"teaching","info","Missing icon for card","Card has no icon - reduces visual appeal and consistency"
"widowed_opening_heart_new_love","act_7_honoring_spouse",4,"reflection","info","Missing icon for card","Card has no icon - reduces visual appeal and consistency"
"widowed_opening_heart_new_love","act_7_honoring_spouse",5,"action","info","Missing icon for card","Card has no icon - reduces visual appeal and consistency"
"widowed_opening_heart_new_love","act_8_red_flags",0,"teaching","info","Missing icon for card","Card has no icon - reduces visual appeal and consistency"
"widowed_opening_heart_new_love","act_8_red_flags",1,"teaching","info","Missing icon for card","Card has no icon - reduces visual appeal and consistency"
"widowed_opening_heart_new_love","act_8_red_flags",2,"teaching","info","Missing icon for card","Card has no icon - reduces visual appeal and consistency"
"widowed_opening_heart_new_love","act_8_red_flags",4,"reflection","info","Missing icon for card","Card has no icon - reduces visual appeal and consistency"
"widowed_opening_heart_new_love","act_8_red_flags",5,"action","info","Missing icon for card","Card has no icon - reduces visual appeal and consistency"
"widowed_opening_heart_new_love","act_9_trusting_god",0,"teaching","info","Missing icon for card","Card has no icon - reduces visual appeal and consistency"
"widowed_opening_heart_new_love","act_9_trusting_god",1,"teaching","info","Missing icon for card","Card has no icon - reduces visual appeal and consistency"
"widowed_opening_heart_new_love","act_9_trusting_god",2,"teaching","info","Missing icon for card","Card has no icon - reduces visual appeal and consistency"
"widowed_opening_heart_new_love","act_9_trusting_god",4,"reflection","info","Missing icon for card","Card has no icon - reduces visual appeal and consistency"
"widowed_opening_heart_new_love","act_9_trusting_god",5,"action","info","Missing icon for card","Card has no icon - reduces visual appeal and consistency"
"widowed_opening_heart_new_love","act_10_open_heart",0,"teaching","info","Missing icon for card","Card has no icon - reduces visual appeal and consistency"
"widowed_opening_heart_new_love","act_10_open_heart",1,"teaching","info","Missing icon for card","Card has no icon - reduces visual appeal and consistency"
"widowed_opening_heart_new_love","act_10_open_heart",2,"teaching","info","Missing icon for card","Card has no icon - reduces visual appeal and consistency"
"widowed_opening_heart_new_love","act_10_open_heart",3,"reflection","info","Missing icon for card","Card has no icon - reduces visual appeal and consistency"
"widowed_opening_heart_new_love","act_10_open_heart",4,"action","info","Missing icon for card","Card has no icon - reduces visual appeal and consistency"
"widowed_opening_heart_new_love","act_10_open_heart",5,"action","info","Missing icon for card","Card has no icon - reduces visual appeal and consistency"
"widowed_preparing_new_covenant","act_1_covenant_again",0,"teaching","info","Missing icon for card","Card has no icon - reduces visual appeal and consistency"
"widowed_preparing_new_covenant","act_1_covenant_again",1,"teaching","info","Missing icon for card","Card has no icon - reduces visual appeal and consistency"
"widowed_preparing_new_covenant","act_1_covenant_again",2,"teaching","info","Missing icon for card","Card has no icon - reduces visual appeal and consistency"
"widowed_preparing_new_covenant","act_1_covenant_again",4,"reflection","info","Missing icon for card","Card has no icon - reduces visual appeal and consistency"
"widowed_preparing_new_covenant","act_1_covenant_again",5,"action","info","Missing icon for card","Card has no icon - reduces visual appeal and consistency"
"widowed_preparing_new_covenant","act_2_readiness_check",0,"teaching","info","Missing icon for card","Card has no icon - reduces visual appeal and consistency"
"widowed_preparing_new_covenant","act_2_readiness_check",1,"teaching","info","Missing icon for card","Card has no icon - reduces visual appeal and consistency"
"widowed_preparing_new_covenant","act_2_readiness_check",2,"teaching","info","Missing icon for card","Card has no icon - reduces visual appeal and consistency"
"widowed_preparing_new_covenant","act_2_readiness_check",4,"reflection","info","Missing icon for card","Card has no icon - reduces visual appeal and consistency"
"widowed_preparing_new_covenant","act_2_readiness_check",5,"action","info","Missing icon for card","Card has no icon - reduces visual appeal and consistency"
"widowed_preparing_new_covenant","act_3_alignment_essentials",0,"teaching","info","Missing icon for card","Card has no icon - reduces visual appeal and consistency"
"widowed_preparing_new_covenant","act_3_alignment_essentials",1,"teaching","info","Missing icon for card","Card has no icon - reduces visual appeal and consistency"
"widowed_preparing_new_covenant","act_3_alignment_essentials",2,"teaching","info","Missing icon for card","Card has no icon - reduces visual appeal and consistency"
"widowed_preparing_new_covenant","act_3_alignment_essentials",4,"reflection","info","Missing icon for card","Card has no icon - reduces visual appeal and consistency"
"widowed_preparing_new_covenant","act_3_alignment_essentials",5,"action","info","Missing icon for card","Card has no icon - reduces visual appeal and consistency"
"widowed_preparing_new_covenant","act_4_lessons_first_marriage",0,"teaching","info","Missing icon for card","Card has no icon - reduces visual appeal and consistency"
"widowed_preparing_new_covenant","act_4_lessons_first_marriage",1,"teaching","info","Missing icon for card","Card has no icon - reduces visual appeal and consistency"
"widowed_preparing_new_covenant","act_4_lessons_first_marriage",2,"teaching","info","Missing icon for card","Card has no icon - reduces visual appeal and consistency"
"widowed_preparing_new_covenant","act_4_lessons_first_marriage",4,"reflection","info","Missing icon for card","Card has no icon - reduces visual appeal and consistency"
"widowed_preparing_new_covenant","act_4_lessons_first_marriage",5,"action","info","Missing icon for card","Card has no icon - reduces visual appeal and consistency"
"widowed_preparing_new_covenant","act_5_honoring_past_embracing_future",0,"teaching","info","Missing icon for card","Card has no icon - reduces visual appeal and consistency"
"widowed_preparing_new_covenant","act_5_honoring_past_embracing_future",1,"teaching","info","Missing icon for card","Card has no icon - reduces visual appeal and consistency"
"widowed_preparing_new_covenant","act_5_honoring_past_embracing_future",2,"teaching","info","Missing icon for card","Card has no icon - reduces visual appeal and consistency"
"widowed_preparing_new_covenant","act_5_honoring_past_embracing_future",4,"reflection","info","Missing icon for card","Card has no icon - reduces visual appeal and consistency"
"widowed_preparing_new_covenant","act_5_honoring_past_embracing_future",5,"action","info","Missing icon for card","Card has no icon - reduces visual appeal and consistency"
"widowed_preparing_new_covenant","act_6_blended_family",0,"teaching","info","Missing icon for card","Card has no icon - reduces visual appeal and consistency"
"widowed_preparing_new_covenant","act_6_blended_family",1,"teaching","info","Missing icon for card","Card has no icon - reduces visual appeal and consistency"
"widowed_preparing_new_covenant","act_6_blended_family",2,"teaching","info","Missing icon for card","Card has no icon - reduces visual appeal and consistency"
"widowed_preparing_new_covenant","act_6_blended_family",4,"reflection","info","Missing icon for card","Card has no icon - reduces visual appeal and consistency"
"widowed_preparing_new_covenant","act_6_blended_family",5,"action","info","Missing icon for card","Card has no icon - reduces visual appeal and consistency"
"widowed_preparing_new_covenant","act_7_spiritual_foundation",0,"teaching","info","Missing icon for card","Card has no icon - reduces visual appeal and consistency"
"widowed_preparing_new_covenant","act_7_spiritual_foundation",1,"teaching","info","Missing icon for card","Card has no icon - reduces visual appeal and consistency"
"widowed_preparing_new_covenant","act_7_spiritual_foundation",2,"teaching","info","Missing icon for card","Card has no icon - reduces visual appeal and consistency"
"widowed_preparing_new_covenant","act_7_spiritual_foundation",4,"reflection","info","Missing icon for card","Card has no icon - reduces visual appeal and consistency"
"widowed_preparing_new_covenant","act_7_spiritual_foundation",5,"action","info","Missing icon for card","Card has no icon - reduces visual appeal and consistency"
"widowed_preparing_new_covenant","act_8_vows",0,"teaching","info","Missing icon for card","Card has no icon - reduces visual appeal and consistency"
"widowed_preparing_new_covenant","act_8_vows",1,"teaching","info","Missing icon for card","Card has no icon - reduces visual appeal and consistency"
"widowed_preparing_new_covenant","act_8_vows",2,"teaching","info","Missing icon for card","Card has no icon - reduces visual appeal and consistency"
"widowed_preparing_new_covenant","act_8_vows",4,"reflection","info","Missing icon for card","Card has no icon - reduces visual appeal and consistency"
"widowed_preparing_new_covenant","act_8_vows",5,"action","info","Missing icon for card","Card has no icon - reduces visual appeal and consistency"
"widowed_preparing_new_covenant","act_9_the_wedding",0,"teaching","info","Missing icon for card","Card has no icon - reduces visual appeal and consistency"
"widowed_preparing_new_covenant","act_9_the_wedding",1,"teaching","info","Missing icon for card","Card has no icon - reduces visual appeal and consistency"
"widowed_preparing_new_covenant","act_9_the_wedding",2,"teaching","info","Missing icon for card","Card has no icon - reduces visual appeal and consistency"
"widowed_preparing_new_covenant","act_9_the_wedding",4,"reflection","info","Missing icon for card","Card has no icon - reduces visual appeal and consistency"
"widowed_preparing_new_covenant","act_9_the_wedding",5,"action","info","Missing icon for card","Card has no icon - reduces visual appeal and consistency"
"widowed_preparing_new_covenant","act_10_entering_covenant",0,"teaching","info","Missing icon for card","Card has no icon - reduces visual appeal and consistency"
"widowed_preparing_new_covenant","act_10_entering_covenant",1,"teaching","info","Missing icon for card","Card has no icon - reduces visual appeal and consistency"
"widowed_preparing_new_covenant","act_10_entering_covenant",2,"teaching","info","Missing icon for card","Card has no icon - reduces visual appeal and consistency"
"widowed_preparing_new_covenant","act_10_entering_covenant",3,"reflection","info","Missing icon for card","Card has no icon - reduces visual appeal and consistency"
"widowed_preparing_new_covenant","act_10_entering_covenant",4,"action","info","Missing icon for card","Card has no icon - reduces visual appeal and consistency"
"widowed_preparing_new_covenant","act_10_entering_covenant",5,"action","info","Missing icon for card","Card has no icon - reduces visual appeal and consistency"
"widowed_rebuilding_life","act_1_life_dismantled",0,"teaching","info","Missing icon for card","Card has no icon - reduces visual appeal and consistency"
"widowed_rebuilding_life","act_1_life_dismantled",1,"teaching","info","Missing icon for card","Card has no icon - reduces visual appeal and consistency"
"widowed_rebuilding_life","act_1_life_dismantled",2,"teaching","info","Missing icon for card","Card has no icon - reduces visual appeal and consistency"
"widowed_rebuilding_life","act_1_life_dismantled",4,"reflection","info","Missing icon for card","Card has no icon - reduces visual appeal and consistency"
"widowed_rebuilding_life","act_1_life_dismantled",5,"action","info","Missing icon for card","Card has no icon - reduces visual appeal and consistency"
"widowed_rebuilding_life","act_2_immediate_practical",0,"teaching","info","Missing icon for card","Card has no icon - reduces visual appeal and consistency"
"widowed_rebuilding_life","act_2_immediate_practical",1,"teaching","info","Missing icon for card","Card has no icon - reduces visual appeal and consistency"
"widowed_rebuilding_life","act_2_immediate_practical",2,"teaching","info","Missing icon for card","Card has no icon - reduces visual appeal and consistency"
"widowed_rebuilding_life","act_2_immediate_practical",4,"reflection","info","Missing icon for card","Card has no icon - reduces visual appeal and consistency"
"widowed_rebuilding_life","act_2_immediate_practical",5,"action","info","Missing icon for card","Card has no icon - reduces visual appeal and consistency"
"widowed_rebuilding_life","act_3_financial_picture",0,"teaching","info","Missing icon for card","Card has no icon - reduces visual appeal and consistency"
"widowed_rebuilding_life","act_3_financial_picture",1,"teaching","info","Missing icon for card","Card has no icon - reduces visual appeal and consistency"
"widowed_rebuilding_life","act_3_financial_picture",2,"teaching","info","Missing icon for card","Card has no icon - reduces visual appeal and consistency"
"widowed_rebuilding_life","act_3_financial_picture",4,"reflection","info","Missing icon for card","Card has no icon - reduces visual appeal and consistency"
"widowed_rebuilding_life","act_3_financial_picture",5,"action","info","Missing icon for card","Card has no icon - reduces visual appeal and consistency"
"widowed_rebuilding_life","act_4_benefits_insurance",0,"teaching","info","Missing icon for card","Card has no icon - reduces visual appeal and consistency"
"widowed_rebuilding_life","act_4_benefits_insurance",1,"teaching","info","Missing icon for card","Card has no icon - reduces visual appeal and consistency"
"widowed_rebuilding_life","act_4_benefits_insurance",2,"teaching","info","Missing icon for card","Card has no icon - reduces visual appeal and consistency"
"widowed_rebuilding_life","act_4_benefits_insurance",4,"reflection","info","Missing icon for card","Card has no icon - reduces visual appeal and consistency"
"widowed_rebuilding_life","act_4_benefits_insurance",5,"action","info","Missing icon for card","Card has no icon - reduces visual appeal and consistency"
"widowed_rebuilding_life","act_5_legal_estate",0,"teaching","info","Missing icon for card","Card has no icon - reduces visual appeal and consistency"
"widowed_rebuilding_life","act_5_legal_estate",1,"teaching","info","Missing icon for card","Card has no icon - reduces visual appeal and consistency"
"widowed_rebuilding_life","act_5_legal_estate",2,"teaching","info","Missing icon for card","Card has no icon - reduces visual appeal and consistency"
"widowed_rebuilding_life","act_5_legal_estate",4,"reflection","info","Missing icon for card","Card has no icon - reduces visual appeal and consistency"
"widowed_rebuilding_life","act_5_legal_estate",5,"action","info","Missing icon for card","Card has no icon - reduces visual appeal and consistency"
"widowed_rebuilding_life","act_6_budget",0,"teaching","info","Missing icon for card","Card has no icon - reduces visual appeal and consistency"
"widowed_rebuilding_life","act_6_budget",1,"teaching","info","Missing icon for card","Card has no icon - reduces visual appeal and consistency"
"widowed_rebuilding_life","act_6_budget",2,"teaching","info","Missing icon for card","Card has no icon - reduces visual appeal and consistency"
"widowed_rebuilding_life","act_6_budget",4,"reflection","info","Missing icon for card","Card has no icon - reduces visual appeal and consistency"
"widowed_rebuilding_life","act_6_budget",5,"action","info","Missing icon for card","Card has no icon - reduces visual appeal and consistency"
"widowed_rebuilding_life","act_7_their_domain",0,"teaching","info","Missing icon for card","Card has no icon - reduces visual appeal and consistency"
"widowed_rebuilding_life","act_7_their_domain",1,"teaching","info","Missing icon for card","Card has no icon - reduces visual appeal and consistency"
"widowed_rebuilding_life","act_7_their_domain",2,"teaching","info","Missing icon for card","Card has no icon - reduces visual appeal and consistency"
"widowed_rebuilding_life","act_7_their_domain",4,"reflection","info","Missing icon for card","Card has no icon - reduces visual appeal and consistency"
"widowed_rebuilding_life","act_7_their_domain",5,"action","info","Missing icon for card","Card has no icon - reduces visual appeal and consistency"
"widowed_rebuilding_life","act_8_daily_routines",0,"teaching","info","Missing icon for card","Card has no icon - reduces visual appeal and consistency"
"widowed_rebuilding_life","act_8_daily_routines",1,"teaching","info","Missing icon for card","Card has no icon - reduces visual appeal and consistency"
"widowed_rebuilding_life","act_8_daily_routines",2,"teaching","info","Missing icon for card","Card has no icon - reduces visual appeal and consistency"
"widowed_rebuilding_life","act_8_daily_routines",4,"reflection","info","Missing icon for card","Card has no icon - reduces visual appeal and consistency"
"widowed_rebuilding_life","act_8_daily_routines",5,"action","info","Missing icon for card","Card has no icon - reduces visual appeal and consistency"
"widowed_rebuilding_life","act_9_decisions_alone",0,"teaching","info","Missing icon for card","Card has no icon - reduces visual appeal and consistency"
"widowed_rebuilding_life","act_9_decisions_alone",1,"teaching","info","Missing icon for card","Card has no icon - reduces visual appeal and consistency"
"widowed_rebuilding_life","act_9_decisions_alone",2,"teaching","info","Missing icon for card","Card has no icon - reduces visual appeal and consistency"
"widowed_rebuilding_life","act_9_decisions_alone",4,"reflection","info","Missing icon for card","Card has no icon - reduces visual appeal and consistency"
"widowed_rebuilding_life","act_9_decisions_alone",5,"action","info","Missing icon for card","Card has no icon - reduces visual appeal and consistency"
"widowed_rebuilding_life","act_10_home_space",0,"teaching","info","Missing icon for card","Card has no icon - reduces visual appeal and consistency"
"widowed_rebuilding_life","act_10_home_space",1,"teaching","info","Missing icon for card","Card has no icon - reduces visual appeal and consistency"
"widowed_rebuilding_life","act_10_home_space",2,"teaching","info","Missing icon for card","Card has no icon - reduces visual appeal and consistency"
"widowed_rebuilding_life","act_10_home_space",4,"reflection","info","Missing icon for card","Card has no icon - reduces visual appeal and consistency"
"widowed_rebuilding_life","act_10_home_space",5,"action","info","Missing icon for card","Card has no icon - reduces visual appeal and consistency"
"widowed_rebuilding_life","act_11_work_purpose",0,"teaching","info","Missing icon for card","Card has no icon - reduces visual appeal and consistency"
"widowed_rebuilding_life","act_11_work_purpose",1,"teaching","info","Missing icon for card","Card has no icon - reduces visual appeal and consistency"
"widowed_rebuilding_life","act_11_work_purpose",2,"teaching","info","Missing icon for card","Card has no icon - reduces visual appeal and consistency"
"widowed_rebuilding_life","act_11_work_purpose",4,"reflection","info","Missing icon for card","Card has no icon - reduces visual appeal and consistency"
"widowed_rebuilding_life","act_11_work_purpose",5,"action","info","Missing icon for card","Card has no icon - reduces visual appeal and consistency"
"widowed_rebuilding_life","act_12_self_care",0,"teaching","info","Missing icon for card","Card has no icon - reduces visual appeal and consistency"
"widowed_rebuilding_life","act_12_self_care",1,"teaching","info","Missing icon for card","Card has no icon - reduces visual appeal and consistency"
"widowed_rebuilding_life","act_12_self_care",2,"teaching","info","Missing icon for card","Card has no icon - reduces visual appeal and consistency"
"widowed_rebuilding_life","act_12_self_care",4,"reflection","info","Missing icon for card","Card has no icon - reduces visual appeal and consistency"
"widowed_rebuilding_life","act_12_self_care",5,"action","info","Missing icon for card","Card has no icon - reduces visual appeal and consistency"
"widowed_rebuilding_life","act_13_support_system",0,"teaching","info","Missing icon for card","Card has no icon - reduces visual appeal and consistency"
"widowed_rebuilding_life","act_13_support_system",1,"teaching","info","Missing icon for card","Card has no icon - reduces visual appeal and consistency"
"widowed_rebuilding_life","act_13_support_system",2,"teaching","info","Missing icon for card","Card has no icon - reduces visual appeal and consistency"
"widowed_rebuilding_life","act_13_support_system",4,"reflection","info","Missing icon for card","Card has no icon - reduces visual appeal and consistency"
"widowed_rebuilding_life","act_13_support_system",5,"action","info","Missing icon for card","Card has no icon - reduces visual appeal and consistency"
"widowed_rebuilding_life","act_14_a_life_rebuilt",0,"teaching","info","Missing icon for card","Card has no icon - reduces visual appeal and consistency"
"widowed_rebuilding_life","act_14_a_life_rebuilt",1,"teaching","info","Missing icon for card","Card has no icon - reduces visual appeal and consistency"
"widowed_rebuilding_life","act_14_a_life_rebuilt",2,"teaching","info","Missing icon for card","Card has no icon - reduces visual appeal and consistency"
"widowed_rebuilding_life","act_14_a_life_rebuilt",3,"reflection","info","Missing icon for card","Card has no icon - reduces visual appeal and consistency"
"widowed_rebuilding_life","act_14_a_life_rebuilt",4,"action","info","Missing icon for card","Card has no icon - reduces visual appeal and consistency"
"widowed_rebuilding_life","act_14_a_life_rebuilt",5,"action","info","Missing icon for card","Card has no icon - reduces visual appeal and consistency"
"widowed_rediscovering_identity","act_1_who_am_i_now",0,"teaching","info","Missing icon for card","Card has no icon - reduces visual appeal and consistency"
"widowed_rediscovering_identity","act_1_who_am_i_now",1,"teaching","info","Missing icon for card","Card has no icon - reduces visual appeal and consistency"
"widowed_rediscovering_identity","act_1_who_am_i_now",2,"teaching","info","Missing icon for card","Card has no icon - reduces visual appeal and consistency"
"widowed_rediscovering_identity","act_1_who_am_i_now",4,"reflection","info","Missing icon for card","Card has no icon - reduces visual appeal and consistency"
"widowed_rediscovering_identity","act_1_who_am_i_now",5,"action","info","Missing icon for card","Card has no icon - reduces visual appeal and consistency"
"widowed_rediscovering_identity","act_2_who_were_you_before",0,"teaching","info","Missing icon for card","Card has no icon - reduces visual appeal and consistency"
"widowed_rediscovering_identity","act_2_who_were_you_before",1,"teaching","info","Missing icon for card","Card has no icon - reduces visual appeal and consistency"
"widowed_rediscovering_identity","act_2_who_were_you_before",2,"teaching","info","Missing icon for card","Card has no icon - reduces visual appeal and consistency"
"widowed_rediscovering_identity","act_2_who_were_you_before",4,"reflection","info","Missing icon for card","Card has no icon - reduces visual appeal and consistency"
"widowed_rediscovering_identity","act_2_who_were_you_before",5,"action","info","Missing icon for card","Card has no icon - reduces visual appeal and consistency"
"widowed_rediscovering_identity","act_3_who_marriage_made",0,"teaching","info","Missing icon for card","Card has no icon - reduces visual appeal and consistency"
"widowed_rediscovering_identity","act_3_who_marriage_made",1,"teaching","info","Missing icon for card","Card has no icon - reduces visual appeal and consistency"
"widowed_rediscovering_identity","act_3_who_marriage_made",2,"teaching","info","Missing icon for card","Card has no icon - reduces visual appeal and consistency"
"widowed_rediscovering_identity","act_3_who_marriage_made",4,"reflection","info","Missing icon for card","Card has no icon - reduces visual appeal and consistency"
"widowed_rediscovering_identity","act_3_who_marriage_made",5,"action","info","Missing icon for card","Card has no icon - reduces visual appeal and consistency"
"widowed_rediscovering_identity","act_4_the_new_you",0,"teaching","info","Missing icon for card","Card has no icon - reduces visual appeal and consistency"
"widowed_rediscovering_identity","act_4_the_new_you",1,"teaching","info","Missing icon for card","Card has no icon - reduces visual appeal and consistency"
"widowed_rediscovering_identity","act_4_the_new_you",2,"teaching","info","Missing icon for card","Card has no icon - reduces visual appeal and consistency"
"widowed_rediscovering_identity","act_4_the_new_you",4,"reflection","info","Missing icon for card","Card has no icon - reduces visual appeal and consistency"
"widowed_rediscovering_identity","act_4_the_new_you",5,"action","info","Missing icon for card","Card has no icon - reduces visual appeal and consistency"
"widowed_rediscovering_identity","act_5_identity_in_god",0,"teaching","info","Missing icon for card","Card has no icon - reduces visual appeal and consistency"
"widowed_rediscovering_identity","act_5_identity_in_god",1,"teaching","info","Missing icon for card","Card has no icon - reduces visual appeal and consistency"
"widowed_rediscovering_identity","act_5_identity_in_god",2,"teaching","info","Missing icon for card","Card has no icon - reduces visual appeal and consistency"
"widowed_rediscovering_identity","act_5_identity_in_god",4,"reflection","info","Missing icon for card","Card has no icon - reduces visual appeal and consistency"
"widowed_rediscovering_identity","act_5_identity_in_god",5,"action","info","Missing icon for card","Card has no icon - reduces visual appeal and consistency"
"widowed_rediscovering_identity","act_6_purpose_question",0,"teaching","info","Missing icon for card","Card has no icon - reduces visual appeal and consistency"
"widowed_rediscovering_identity","act_6_purpose_question",1,"teaching","info","Missing icon for card","Card has no icon - reduces visual appeal and consistency"
"widowed_rediscovering_identity","act_6_purpose_question",2,"teaching","info","Missing icon for card","Card has no icon - reduces visual appeal and consistency"
"widowed_rediscovering_identity","act_6_purpose_question",4,"reflection","info","Missing icon for card","Card has no icon - reduces visual appeal and consistency"
"widowed_rediscovering_identity","act_6_purpose_question",5,"action","info","Missing icon for card","Card has no icon - reduces visual appeal and consistency"
"widowed_rediscovering_identity","act_7_trying_new_things",0,"teaching","info","Missing icon for card","Card has no icon - reduces visual appeal and consistency"
"widowed_rediscovering_identity","act_7_trying_new_things",1,"teaching","info","Missing icon for card","Card has no icon - reduces visual appeal and consistency"
"widowed_rediscovering_identity","act_7_trying_new_things",2,"teaching","info","Missing icon for card","Card has no icon - reduces visual appeal and consistency"
"widowed_rediscovering_identity","act_7_trying_new_things",4,"reflection","info","Missing icon for card","Card has no icon - reduces visual appeal and consistency"
"widowed_rediscovering_identity","act_7_trying_new_things",5,"action","info","Missing icon for card","Card has no icon - reduces visual appeal and consistency"
"widowed_rediscovering_identity","act_8_others_labels",0,"teaching","info","Missing icon for card","Card has no icon - reduces visual appeal and consistency"
"widowed_rediscovering_identity","act_8_others_labels",1,"teaching","info","Missing icon for card","Card has no icon - reduces visual appeal and consistency"
"widowed_rediscovering_identity","act_8_others_labels",2,"teaching","info","Missing icon for card","Card has no icon - reduces visual appeal and consistency"
"widowed_rediscovering_identity","act_8_others_labels",4,"reflection","info","Missing icon for card","Card has no icon - reduces visual appeal and consistency"
"widowed_rediscovering_identity","act_8_others_labels",5,"action","info","Missing icon for card","Card has no icon - reduces visual appeal and consistency"
"widowed_rediscovering_identity","act_9_meaning_from_loss",0,"teaching","info","Missing icon for card","Card has no icon - reduces visual appeal and consistency"
"widowed_rediscovering_identity","act_9_meaning_from_loss",1,"teaching","info","Missing icon for card","Card has no icon - reduces visual appeal and consistency"
"widowed_rediscovering_identity","act_9_meaning_from_loss",2,"teaching","info","Missing icon for card","Card has no icon - reduces visual appeal and consistency"
"widowed_rediscovering_identity","act_9_meaning_from_loss",4,"reflection","info","Missing icon for card","Card has no icon - reduces visual appeal and consistency"
"widowed_rediscovering_identity","act_9_meaning_from_loss",5,"action","info","Missing icon for card","Card has no icon - reduces visual appeal and consistency"
"widowed_rediscovering_identity","act_10_becoming",0,"teaching","info","Missing icon for card","Card has no icon - reduces visual appeal and consistency"
"widowed_rediscovering_identity","act_10_becoming",1,"teaching","info","Missing icon for card","Card has no icon - reduces visual appeal and consistency"
"widowed_rediscovering_identity","act_10_becoming",2,"teaching","info","Missing icon for card","Card has no icon - reduces visual appeal and consistency"
"widowed_rediscovering_identity","act_10_becoming",3,"reflection","info","Missing icon for card","Card has no icon - reduces visual appeal and consistency"
"widowed_rediscovering_identity","act_10_becoming",4,"action","info","Missing icon for card","Card has no icon - reduces visual appeal and consistency"
"widowed_rediscovering_identity","act_10_becoming",5,"action","info","Missing icon for card","Card has no icon - reduces visual appeal and consistency"
"widowed_staying_present_for_kids","act_1_the_impossible_task",0,"teaching","info","Missing icon for card","Card has no icon - reduces visual appeal and consistency"
"widowed_staying_present_for_kids","act_1_the_impossible_task",1,"teaching","info","Missing icon for card","Card has no icon - reduces visual appeal and consistency"
"widowed_staying_present_for_kids","act_1_the_impossible_task",2,"teaching","info","Missing icon for card","Card has no icon - reduces visual appeal and consistency"
"widowed_staying_present_for_kids","act_1_the_impossible_task",4,"reflection","info","Missing icon for card","Card has no icon - reduces visual appeal and consistency"
"widowed_staying_present_for_kids","act_1_the_impossible_task",5,"action","info","Missing icon for card","Card has no icon - reduces visual appeal and consistency"
"widowed_staying_present_for_kids","act_2_how_children_grieve",0,"teaching","info","Missing icon for card","Card has no icon - reduces visual appeal and consistency"
"widowed_staying_present_for_kids","act_2_how_children_grieve",1,"teaching","info","Missing icon for card","Card has no icon - reduces visual appeal and consistency"
"widowed_staying_present_for_kids","act_2_how_children_grieve",2,"teaching","info","Missing icon for card","Card has no icon - reduces visual appeal and consistency"
"widowed_staying_present_for_kids","act_2_how_children_grieve",3,"teaching","info","Missing icon for card","Card has no icon - reduces visual appeal and consistency"
"widowed_staying_present_for_kids","act_2_how_children_grieve",4,"reflection","info","Missing icon for card","Card has no icon - reduces visual appeal and consistency"
"widowed_staying_present_for_kids","act_2_how_children_grieve",5,"action","info","Missing icon for card","Card has no icon - reduces visual appeal and consistency"
"widowed_staying_present_for_kids","act_3_talking_about_them",0,"teaching","info","Missing icon for card","Card has no icon - reduces visual appeal and consistency"
"widowed_staying_present_for_kids","act_3_talking_about_them",1,"teaching","info","Missing icon for card","Card has no icon - reduces visual appeal and consistency"
"widowed_staying_present_for_kids","act_3_talking_about_them",2,"teaching","info","Missing icon for card","Card has no icon - reduces visual appeal and consistency"
"widowed_staying_present_for_kids","act_3_talking_about_them",4,"reflection","info","Missing icon for card","Card has no icon - reduces visual appeal and consistency"
"widowed_staying_present_for_kids","act_3_talking_about_them",5,"action","info","Missing icon for card","Card has no icon - reduces visual appeal and consistency"
"widowed_staying_present_for_kids","act_4_their_fears",0,"teaching","info","Missing icon for card","Card has no icon - reduces visual appeal and consistency"
"widowed_staying_present_for_kids","act_4_their_fears",1,"teaching","info","Missing icon for card","Card has no icon - reduces visual appeal and consistency"
"widowed_staying_present_for_kids","act_4_their_fears",2,"teaching","info","Missing icon for card","Card has no icon - reduces visual appeal and consistency"
"widowed_staying_present_for_kids","act_4_their_fears",4,"reflection","info","Missing icon for card","Card has no icon - reduces visual appeal and consistency"
"widowed_staying_present_for_kids","act_4_their_fears",5,"action","info","Missing icon for card","Card has no icon - reduces visual appeal and consistency"
"widowed_staying_present_for_kids","act_5_your_needs_matter",0,"teaching","info","Missing icon for card","Card has no icon - reduces visual appeal and consistency"
"widowed_staying_present_for_kids","act_5_your_needs_matter",1,"teaching","info","Missing icon for card","Card has no icon - reduces visual appeal and consistency"
"widowed_staying_present_for_kids","act_5_your_needs_matter",2,"teaching","info","Missing icon for card","Card has no icon - reduces visual appeal and consistency"
"widowed_staying_present_for_kids","act_5_your_needs_matter",4,"reflection","info","Missing icon for card","Card has no icon - reduces visual appeal and consistency"
"widowed_staying_present_for_kids","act_5_your_needs_matter",5,"action","info","Missing icon for card","Card has no icon - reduces visual appeal and consistency"
"widowed_staying_present_for_kids","act_6_new_family_rhythms",0,"teaching","info","Missing icon for card","Card has no icon - reduces visual appeal and consistency"
"widowed_staying_present_for_kids","act_6_new_family_rhythms",1,"teaching","info","Missing icon for card","Card has no icon - reduces visual appeal and consistency"
"widowed_staying_present_for_kids","act_6_new_family_rhythms",2,"teaching","info","Missing icon for card","Card has no icon - reduces visual appeal and consistency"
"widowed_staying_present_for_kids","act_6_new_family_rhythms",4,"reflection","info","Missing icon for card","Card has no icon - reduces visual appeal and consistency"
"widowed_staying_present_for_kids","act_6_new_family_rhythms",5,"action","info","Missing icon for card","Card has no icon - reduces visual appeal and consistency"
"widowed_staying_present_for_kids","act_7_when_youre_not_okay",0,"teaching","info","Missing icon for card","Card has no icon - reduces visual appeal and consistency"
"widowed_staying_present_for_kids","act_7_when_youre_not_okay",1,"teaching","info","Missing icon for card","Card has no icon - reduces visual appeal and consistency"
"widowed_staying_present_for_kids","act_7_when_youre_not_okay",2,"teaching","info","Missing icon for card","Card has no icon - reduces visual appeal and consistency"
"widowed_staying_present_for_kids","act_7_when_youre_not_okay",4,"reflection","info","Missing icon for card","Card has no icon - reduces visual appeal and consistency"
"widowed_staying_present_for_kids","act_7_when_youre_not_okay",5,"action","info","Missing icon for card","Card has no icon - reduces visual appeal and consistency"
"widowed_staying_present_for_kids","act_8_special_days",0,"teaching","info","Missing icon for card","Card has no icon - reduces visual appeal and consistency"
"widowed_staying_present_for_kids","act_8_special_days",1,"teaching","info","Missing icon for card","Card has no icon - reduces visual appeal and consistency"
"widowed_staying_present_for_kids","act_8_special_days",2,"teaching","info","Missing icon for card","Card has no icon - reduces visual appeal and consistency"
"widowed_staying_present_for_kids","act_8_special_days",4,"reflection","info","Missing icon for card","Card has no icon - reduces visual appeal and consistency"
"widowed_staying_present_for_kids","act_8_special_days",5,"action","info","Missing icon for card","Card has no icon - reduces visual appeal and consistency"
"widowed_staying_present_for_kids","act_9_getting_help",0,"teaching","info","Missing icon for card","Card has no icon - reduces visual appeal and consistency"
"widowed_staying_present_for_kids","act_9_getting_help",1,"teaching","info","Missing icon for card","Card has no icon - reduces visual appeal and consistency"
"widowed_staying_present_for_kids","act_9_getting_help",2,"teaching","info","Missing icon for card","Card has no icon - reduces visual appeal and consistency"
"widowed_staying_present_for_kids","act_9_getting_help",4,"reflection","info","Missing icon for card","Card has no icon - reduces visual appeal and consistency"
"widowed_staying_present_for_kids","act_9_getting_help",5,"action","info","Missing icon for card","Card has no icon - reduces visual appeal and consistency"
"widowed_staying_present_for_kids","act_10_hope_for_your_family",0,"teaching","info","Missing icon for card","Card has no icon - reduces visual appeal and consistency"
"widowed_staying_present_for_kids","act_10_hope_for_your_family",1,"teaching","info","Missing icon for card","Card has no icon - reduces visual appeal and consistency"
"widowed_staying_present_for_kids","act_10_hope_for_your_family",2,"teaching","info","Missing icon for card","Card has no icon - reduces visual appeal and consistency"
"widowed_staying_present_for_kids","act_10_hope_for_your_family",3,"reflection","info","Missing icon for card","Card has no icon - reduces visual appeal and consistency"
"widowed_staying_present_for_kids","act_10_hope_for_your_family",4,"action","info","Missing icon for card","Card has no icon - reduces visual appeal and consistency"
"widowed_staying_present_for_kids","act_10_hope_for_your_family",5,"action","info","Missing icon for card","Card has no icon - reduces visual appeal and consistency"
"divorced_anniversaries_occasions","act_1_emotional_calendar",4,"reflection","warning","Reflection card missing reflection text","Reflection cards should have reflection prompt text"
"divorced_anniversaries_occasions","act_2_wedding_anniversary",3,"reflection","warning","Reflection card missing reflection text","Reflection cards should have reflection prompt text"
"divorced_anniversaries_occasions","act_3_holidays",3,"reflection","warning","Reflection card missing reflection text","Reflection cards should have reflection prompt text"
"divorced_anniversaries_occasions","act_4_birthdays",3,"reflection","warning","Reflection card missing reflection text","Reflection cards should have reflection prompt text"
"divorced_anniversaries_occasions","act_5_valentines_day",3,"reflection","warning","Reflection card missing reflection text","Reflection cards should have reflection prompt text"
"divorced_anniversaries_occasions","act_6_divorce_anniversary",3,"reflection","warning","Reflection card missing reflection text","Reflection cards should have reflection prompt text"
"divorced_anniversaries_occasions","act_7_family_events",3,"reflection","warning","Reflection card missing reflection text","Reflection cards should have reflection prompt text"
"divorced_anniversaries_occasions","act_8_new_traditions",3,"reflection","warning","Reflection card missing reflection text","Reflection cards should have reflection prompt text"
"divorced_anniversaries_occasions","act_9_support_systems",3,"reflection","warning","Reflection card missing reflection text","Reflection cards should have reflection prompt text"
"divorced_anniversaries_occasions","act_10_peace_commitment",2,"reflection","warning","Reflection card missing reflection text","Reflection cards should have reflection prompt text"
"divorced_anniversaries_occasions","act_10_peace_commitment",3,"reflection","warning","Reflection card missing reflection text","Reflection cards should have reflection prompt text"
"divorced_coparenting","act_1_children_first",4,"reflection","warning","Reflection card missing reflection text","Reflection cards should have reflection prompt text"
"divorced_coparenting","act_2_protecting_children",3,"reflection","warning","Reflection card missing reflection text","Reflection cards should have reflection prompt text"
"divorced_coparenting","act_3_communication",3,"reflection","warning","Reflection card missing reflection text","Reflection cards should have reflection prompt text"
"divorced_coparenting","act_4_consistency_stability",3,"reflection","warning","Reflection card missing reflection text","Reflection cards should have reflection prompt text"
"divorced_coparenting","act_5_helping_children_adjust",3,"reflection","warning","Reflection card missing reflection text","Reflection cards should have reflection prompt text"
"divorced_coparenting","act_6_high_conflict",3,"reflection","warning","Reflection card missing reflection text","Reflection cards should have reflection prompt text"
"divorced_coparenting","act_7_new_partners",3,"reflection","warning","Reflection card missing reflection text","Reflection cards should have reflection prompt text"
"divorced_coparenting","act_8_special_situations",3,"reflection","warning","Reflection card missing reflection text","Reflection cards should have reflection prompt text"
"divorced_coparenting","act_9_self_care",3,"reflection","warning","Reflection card missing reflection text","Reflection cards should have reflection prompt text"
"divorced_coparenting","act_10_coparenting_commitment",2,"reflection","warning","Reflection card missing reflection text","Reflection cards should have reflection prompt text"
"divorced_coparenting","act_10_coparenting_commitment",3,"reflection","warning","Reflection card missing reflection text","Reflection cards should have reflection prompt text"
"divorced_dating_again","act_1_dating_again_realities",4,"reflection","warning","Reflection card missing reflection text","Reflection cards should have reflection prompt text"
"divorced_dating_again","act_2_when_to_start",3,"reflection","warning","Reflection card missing reflection text","Reflection cards should have reflection prompt text"
"divorced_dating_again","act_3_how_to_meet",3,"reflection","warning","Reflection card missing reflection text","Reflection cards should have reflection prompt text"
"divorced_dating_again","act_4_boundaries",4,"reflection","warning","Reflection card missing reflection text","Reflection cards should have reflection prompt text"
"divorced_dating_again","act_5_sharing_your_story",4,"reflection","warning","Reflection card missing reflection text","Reflection cards should have reflection prompt text"
"divorced_dating_again","act_6_dating_with_children",4,"reflection","warning","Reflection card missing reflection text","Reflection cards should have reflection prompt text"
"divorced_dating_again","act_7_common_pitfalls",4,"reflection","warning","Reflection card missing reflection text","Reflection cards should have reflection prompt text"
"divorced_dating_again","act_8_honoring_god",3,"reflection","warning","Reflection card missing reflection text","Reflection cards should have reflection prompt text"
"divorced_dating_again","act_9_handling_rejection",3,"reflection","warning","Reflection card missing reflection text","Reflection cards should have reflection prompt text"
"divorced_dating_again","act_10_dating_commitment",2,"reflection","warning","Reflection card missing reflection text","Reflection cards should have reflection prompt text"
"divorced_dating_again","act_10_dating_commitment",3,"reflection","warning","Reflection card missing reflection text","Reflection cards should have reflection prompt text"
"divorced_developing_trust","act_1_trust_damage",4,"reflection","warning","Reflection card missing reflection text","Reflection cards should have reflection prompt text"
"divorced_developing_trust","act_2_trust_patterns",3,"reflection","warning","Reflection card missing reflection text","Reflection cards should have reflection prompt text"
"divorced_developing_trust","act_3_caution_vs_walls",3,"reflection","warning","Reflection card missing reflection text","Reflection cards should have reflection prompt text"
"divorced_developing_trust","act_4_what_trustworthy_looks_like",3,"reflection","warning","Reflection card missing reflection text","Reflection cards should have reflection prompt text"
"divorced_developing_trust","act_5_gradual_trust",3,"reflection","warning","Reflection card missing reflection text","Reflection cards should have reflection prompt text"
"divorced_developing_trust","act_6_vulnerability",3,"reflection","warning","Reflection card missing reflection text","Reflection cards should have reflection prompt text"
"divorced_developing_trust","act_7_trusting_yourself",3,"reflection","warning","Reflection card missing reflection text","Reflection cards should have reflection prompt text"
"divorced_developing_trust","act_8_specific_fears",3,"reflection","warning","Reflection card missing reflection text","Reflection cards should have reflection prompt text"
"divorced_developing_trust","act_9_faith_and_trust",3,"reflection","warning","Reflection card missing reflection text","Reflection cards should have reflection prompt text"
"divorced_developing_trust","act_10_trust_commitment",2,"reflection","warning","Reflection card missing reflection text","Reflection cards should have reflection prompt text"
"divorced_developing_trust","act_10_trust_commitment",3,"reflection","warning","Reflection card missing reflection text","Reflection cards should have reflection prompt text"
"divorced_discerning_healthy_love","act_1_confused_about_love",4,"reflection","warning","Reflection card missing reflection text","Reflection cards should have reflection prompt text"
"divorced_discerning_healthy_love","act_2_infatuation_vs_love",4,"reflection","warning","Reflection card missing reflection text","Reflection cards should have reflection prompt text"
"divorced_discerning_healthy_love","act_3_marks_of_healthy_love",4,"reflection","warning","Reflection card missing reflection text","Reflection cards should have reflection prompt text"
"divorced_discerning_healthy_love","act_4_red_flags",3,"reflection","warning","Reflection card missing reflection text","Reflection cards should have reflection prompt text"
"divorced_discerning_healthy_love","act_5_green_flags",4,"reflection","warning","Reflection card missing reflection text","Reflection cards should have reflection prompt text"
"divorced_discerning_healthy_love","act_6_compatibility",3,"reflection","warning","Reflection card missing reflection text","Reflection cards should have reflection prompt text"
"divorced_discerning_healthy_love","act_7_time_test",3,"reflection","warning","Reflection card missing reflection text","Reflection cards should have reflection prompt text"
"divorced_discerning_healthy_love","act_8_trusted_input",3,"reflection","warning","Reflection card missing reflection text","Reflection cards should have reflection prompt text"
"divorced_discerning_healthy_love","act_9_trusting_discernment",3,"reflection","warning","Reflection card missing reflection text","Reflection cards should have reflection prompt text"
"divorced_discerning_healthy_love","act_10_discernment_commitment",2,"reflection","warning","Reflection card missing reflection text","Reflection cards should have reflection prompt text"
"divorced_discerning_healthy_love","act_10_discernment_commitment",3,"reflection","warning","Reflection card missing reflection text","Reflection cards should have reflection prompt text"
"divorced_emotional_readiness","act_1_ready_or_wanting",4,"reflection","warning","Reflection card missing reflection text","Reflection cards should have reflection prompt text"
"divorced_emotional_readiness","act_2_healing_assessment",3,"reflection","warning","Reflection card missing reflection text","Reflection cards should have reflection prompt text"
"divorced_emotional_readiness","act_3_ex_relationship",3,"reflection","warning","Reflection card missing reflection text","Reflection cards should have reflection prompt text"
"divorced_emotional_readiness","act_4_alone_capacity",3,"reflection","warning","Reflection card missing reflection text","Reflection cards should have reflection prompt text"
"divorced_emotional_readiness","act_5_identity_wholeness",3,"reflection","warning","Reflection card missing reflection text","Reflection cards should have reflection prompt text"
"divorced_emotional_readiness","act_6_emotional_health",3,"reflection","warning","Reflection card missing reflection text","Reflection cards should have reflection prompt text"
"divorced_emotional_readiness","act_7_realistic_expectations",3,"reflection","warning","Reflection card missing reflection text","Reflection cards should have reflection prompt text"
"divorced_emotional_readiness","act_8_readiness_checklist",3,"reflection","warning","Reflection card missing reflection text","Reflection cards should have reflection prompt text"
"divorced_emotional_readiness","act_9_wise_timing",3,"reflection","warning","Reflection card missing reflection text","Reflection cards should have reflection prompt text"
"divorced_emotional_readiness","act_10_readiness_commitment",2,"reflection","warning","Reflection card missing reflection text","Reflection cards should have reflection prompt text"
"divorced_emotional_readiness","act_10_readiness_commitment",3,"reflection","warning","Reflection card missing reflection text","Reflection cards should have reflection prompt text"
"divorced_ex_moves_on","act_1_the_sting",4,"reflection","warning","Reflection card missing reflection text","Reflection cards should have reflection prompt text"
"divorced_ex_moves_on","act_2_specific_emotions",3,"reflection","warning","Reflection card missing reflection text","Reflection cards should have reflection prompt text"
"divorced_ex_moves_on","act_3_avoiding_destructive",3,"reflection","warning","Reflection card missing reflection text","Reflection cards should have reflection prompt text"
"divorced_ex_moves_on","act_4_timeline_comparison",3,"reflection","warning","Reflection card missing reflection text","Reflection cards should have reflection prompt text"
"divorced_ex_moves_on","act_5_what_it_means",3,"reflection","warning","Reflection card missing reflection text","Reflection cards should have reflection prompt text"
"divorced_ex_moves_on","act_6_if_they_moved_quickly",3,"reflection","warning","Reflection card missing reflection text","Reflection cards should have reflection prompt text"
"divorced_ex_moves_on","act_7_children_involved",3,"reflection","warning","Reflection card missing reflection text","Reflection cards should have reflection prompt text"
"divorced_ex_moves_on","act_8_focus_on_you",3,"reflection","warning","Reflection card missing reflection text","Reflection cards should have reflection prompt text"
"divorced_ex_moves_on","act_9_finding_peace",3,"reflection","warning","Reflection card missing reflection text","Reflection cards should have reflection prompt text"
"divorced_ex_moves_on","act_10_moving_forward",2,"reflection","warning","Reflection card missing reflection text","Reflection cards should have reflection prompt text"
"divorced_ex_moves_on","act_10_moving_forward",3,"reflection","warning","Reflection card missing reflection text","Reflection cards should have reflection prompt text"
"divorced_faith_church_community","act_1_faith_after_divorce",4,"reflection","warning","Reflection card missing reflection text","Reflection cards should have reflection prompt text"
"divorced_faith_church_community","act_2_gods_love_unchanged",3,"reflection","warning","Reflection card missing reflection text","Reflection cards should have reflection prompt text"
"divorced_faith_church_community","act_3_anger_at_god",3,"reflection","warning","Reflection card missing reflection text","Reflection cards should have reflection prompt text"
"divorced_faith_church_community","act_4_spiritual_questions",3,"reflection","warning","Reflection card missing reflection text","Reflection cards should have reflection prompt text"
"divorced_faith_church_community","act_5_church_challenges",3,"reflection","warning","Reflection card missing reflection text","Reflection cards should have reflection prompt text"
"divorced_faith_church_community","act_6_finding_community",3,"reflection","warning","Reflection card missing reflection text","Reflection cards should have reflection prompt text"
"divorced_faith_church_community","act_7_spiritual_practices",3,"reflection","warning","Reflection card missing reflection text","Reflection cards should have reflection prompt text"
"divorced_faith_church_community","act_8_purpose_remains",3,"reflection","warning","Reflection card missing reflection text","Reflection cards should have reflection prompt text"
"divorced_faith_church_community","act_9_grace_for_journey",3,"reflection","warning","Reflection card missing reflection text","Reflection cards should have reflection prompt text"
"divorced_faith_church_community","act_10_faith_commitment",2,"reflection","warning","Reflection card missing reflection text","Reflection cards should have reflection prompt text"
"divorced_faith_church_community","act_10_faith_commitment",3,"reflection","warning","Reflection card missing reflection text","Reflection cards should have reflection prompt text"
"divorced_financial_recovery","act_1_financial_reality",4,"reflection","warning","Reflection card missing reflection text","Reflection cards should have reflection prompt text"
"divorced_financial_recovery","act_2_emotional_side",3,"reflection","warning","Reflection card missing reflection text","Reflection cards should have reflection prompt text"
"divorced_financial_recovery","act_3_creating_budget",3,"reflection","warning","Reflection card missing reflection text","Reflection cards should have reflection prompt text"
"divorced_financial_recovery","act_4_addressing_debt",3,"reflection","warning","Reflection card missing reflection text","Reflection cards should have reflection prompt text"
"divorced_financial_recovery","act_5_emergency_fund",3,"reflection","warning","Reflection card missing reflection text","Reflection cards should have reflection prompt text"
"divorced_financial_recovery","act_6_income_growth",3,"reflection","warning","Reflection card missing reflection text","Reflection cards should have reflection prompt text"
"divorced_financial_recovery","act_7_financial_independence",3,"reflection","warning","Reflection card missing reflection text","Reflection cards should have reflection prompt text"
"divorced_financial_recovery","act_8_stewardship",3,"reflection","warning","Reflection card missing reflection text","Reflection cards should have reflection prompt text"
"divorced_financial_recovery","act_9_long_term_vision",3,"reflection","warning","Reflection card missing reflection text","Reflection cards should have reflection prompt text"
"divorced_financial_recovery","act_10_financial_commitment",2,"reflection","warning","Reflection card missing reflection text","Reflection cards should have reflection prompt text"
"divorced_financial_recovery","act_10_financial_commitment",3,"reflection","warning","Reflection card missing reflection text","Reflection cards should have reflection prompt text"
"divorced_healing_restoration","act_1_beyond_surviving",4,"reflection","warning","Reflection card missing reflection text","Reflection cards should have reflection prompt text"
"divorced_healing_restoration","act_2_assessing_damage",2,"reflection","warning","Reflection card missing reflection text","Reflection cards should have reflection prompt text"
"divorced_healing_restoration","act_3_emotional_healing",3,"reflection","warning","Reflection card missing reflection text","Reflection cards should have reflection prompt text"
"divorced_healing_restoration","act_4_spiritual_restoration",3,"reflection","warning","Reflection card missing reflection text","Reflection cards should have reflection prompt text"
"divorced_healing_restoration","act_5_rebuilding_life",3,"reflection","warning","Reflection card missing reflection text","Reflection cards should have reflection prompt text"
"divorced_healing_restoration","act_6_rebuilding_relationships",3,"reflection","warning","Reflection card missing reflection text","Reflection cards should have reflection prompt text"
"divorced_healing_restoration","act_7_growth_from_pain",3,"reflection","warning","Reflection card missing reflection text","Reflection cards should have reflection prompt text"
"divorced_healing_restoration","act_8_self_compassion",3,"reflection","warning","Reflection card missing reflection text","Reflection cards should have reflection prompt text"
"divorced_healing_restoration","act_9_future_hope",3,"reflection","warning","Reflection card missing reflection text","Reflection cards should have reflection prompt text"
"divorced_healing_restoration","act_10_commitment_to_restoration",2,"reflection","warning","Reflection card missing reflection text","Reflection cards should have reflection prompt text"
"divorced_healing_restoration","act_10_commitment_to_restoration",3,"reflection","warning","Reflection card missing reflection text","Reflection cards should have reflection prompt text"
"divorced_identity_selfworth","act_1_identity_crisis",4,"reflection","warning","Reflection card missing reflection text","Reflection cards should have reflection prompt text"
"divorced_identity_selfworth","act_2_who_you_were",3,"reflection","warning","Reflection card missing reflection text","Reflection cards should have reflection prompt text"
"divorced_identity_selfworth","act_3_worth_not_status",3,"reflection","warning","Reflection card missing reflection text","Reflection cards should have reflection prompt text"
"divorced_identity_selfworth","act_4_unique_design",3,"reflection","warning","Reflection card missing reflection text","Reflection cards should have reflection prompt text"
"divorced_identity_selfworth","act_5_passions_purpose",3,"reflection","warning","Reflection card missing reflection text","Reflection cards should have reflection prompt text"
"divorced_identity_selfworth","act_6_identity_in_christ",3,"reflection","warning","Reflection card missing reflection text","Reflection cards should have reflection prompt text"
"divorced_identity_selfworth","act_7_rewriting_narrative",3,"reflection","warning","Reflection card missing reflection text","Reflection cards should have reflection prompt text"
"divorced_identity_selfworth","act_8_confidence_rebuilding",3,"reflection","warning","Reflection card missing reflection text","Reflection cards should have reflection prompt text"
"divorced_identity_selfworth","act_9_new_chapter",3,"reflection","warning","Reflection card missing reflection text","Reflection cards should have reflection prompt text"
"divorced_identity_selfworth","act_10_identity_commitment",2,"reflection","warning","Reflection card missing reflection text","Reflection cards should have reflection prompt text"
"divorced_identity_selfworth","act_10_identity_commitment",3,"reflection","warning","Reflection card missing reflection text","Reflection cards should have reflection prompt text"
"divorced_letting_go_resentment","act_1_cost_of_holding_on",4,"reflection","warning","Reflection card missing reflection text","Reflection cards should have reflection prompt text"
"divorced_letting_go_resentment","act_2_naming_grievances",3,"reflection","warning","Reflection card missing reflection text","Reflection cards should have reflection prompt text"
"divorced_letting_go_resentment","act_3_what_forgiveness_is",3,"reflection","warning","Reflection card missing reflection text","Reflection cards should have reflection prompt text"
"divorced_letting_go_resentment","act_4_why_forgive",4,"reflection","warning","Reflection card missing reflection text","Reflection cards should have reflection prompt text"
"divorced_letting_go_resentment","act_5_forgiveness_process",3,"reflection","warning","Reflection card missing reflection text","Reflection cards should have reflection prompt text"
"divorced_letting_go_resentment","act_6_ongoing_offenses",3,"reflection","warning","Reflection card missing reflection text","Reflection cards should have reflection prompt text"
"divorced_letting_go_resentment","act_7_forgiving_yourself",3,"reflection","warning","Reflection card missing reflection text","Reflection cards should have reflection prompt text"
"divorced_letting_go_resentment","act_8_handling_conflict",3,"reflection","warning","Reflection card missing reflection text","Reflection cards should have reflection prompt text"
"divorced_letting_go_resentment","act_9_justice_to_god",3,"reflection","warning","Reflection card missing reflection text","Reflection cards should have reflection prompt text"
"divorced_letting_go_resentment","act_10_freedom_commitment",2,"reflection","warning","Reflection card missing reflection text","Reflection cards should have reflection prompt text"
"divorced_letting_go_resentment","act_10_freedom_commitment",3,"reflection","warning","Reflection card missing reflection text","Reflection cards should have reflection prompt text"
"divorced_preparing_new_covenant","act_1_covenant_meaning",4,"reflection","warning","Reflection card missing reflection text","Reflection cards should have reflection prompt text"
"divorced_preparing_new_covenant","act_2_learning_from_past",3,"reflection","warning","Reflection card missing reflection text","Reflection cards should have reflection prompt text"
"divorced_preparing_new_covenant","act_3_spiritual_preparation",3,"reflection","warning","Reflection card missing reflection text","Reflection cards should have reflection prompt text"
"divorced_preparing_new_covenant","act_4_premarital_conversations",4,"reflection","warning","Reflection card missing reflection text","Reflection cards should have reflection prompt text"
"divorced_preparing_new_covenant","act_5_premarital_counseling",3,"reflection","warning","Reflection card missing reflection text","Reflection cards should have reflection prompt text"
"divorced_preparing_new_covenant","act_6_blended_family",3,"reflection","warning","Reflection card missing reflection text","Reflection cards should have reflection prompt text"
"divorced_preparing_new_covenant","act_7_your_vows",3,"reflection","warning","Reflection card missing reflection text","Reflection cards should have reflection prompt text"
"divorced_preparing_new_covenant","act_8_ceremony_meaning",3,"reflection","warning","Reflection card missing reflection text","Reflection cards should have reflection prompt text"
"divorced_preparing_new_covenant","act_9_marriage_vision",3,"reflection","warning","Reflection card missing reflection text","Reflection cards should have reflection prompt text"
"divorced_preparing_new_covenant","act_10_covenant_commitment",2,"reflection","warning","Reflection card missing reflection text","Reflection cards should have reflection prompt text"
"divorced_preparing_new_covenant","act_10_covenant_commitment",3,"reflection","warning","Reflection card missing reflection text","Reflection cards should have reflection prompt text"
"divorced_processing_pain","act_1_permission_to_grieve",4,"reflection","warning","Reflection card missing reflection text","Reflection cards should have reflection prompt text"
"divorced_processing_pain","act_2_emotions_of_divorce",3,"reflection","warning","Reflection card missing reflection text","Reflection cards should have reflection prompt text"
"divorced_processing_pain","act_3_grief_process",4,"reflection","warning","Reflection card missing reflection text","Reflection cards should have reflection prompt text"
"divorced_processing_pain","act_4_processing_sadness",3,"reflection","warning","Reflection card missing reflection text","Reflection cards should have reflection prompt text"
"divorced_processing_pain","act_5_processing_anger",3,"reflection","warning","Reflection card missing reflection text","Reflection cards should have reflection prompt text"
"divorced_processing_pain","act_6_betrayal_wounds",3,"reflection","warning","Reflection card missing reflection text","Reflection cards should have reflection prompt text"
"divorced_processing_pain","act_7_rejection_failure",3,"reflection","warning","Reflection card missing reflection text","Reflection cards should have reflection prompt text"
"divorced_processing_pain","act_8_loneliness",3,"reflection","warning","Reflection card missing reflection text","Reflection cards should have reflection prompt text"
"divorced_processing_pain","act_9_triggers_setbacks",3,"reflection","warning","Reflection card missing reflection text","Reflection cards should have reflection prompt text"
"divorced_processing_pain","act_10_moving_toward_healing",2,"reflection","warning","Reflection card missing reflection text","Reflection cards should have reflection prompt text"
"divorced_processing_pain","act_10_moving_toward_healing",3,"reflection","warning","Reflection card missing reflection text","Reflection cards should have reflection prompt text"
"divorced_toxic_patterns","act_1_patterns_matter",4,"reflection","warning","Reflection card missing reflection text","Reflection cards should have reflection prompt text"
"divorced_toxic_patterns","act_2_common_toxic_patterns",5,"reflection","warning","Reflection card missing reflection text","Reflection cards should have reflection prompt text"
"divorced_toxic_patterns","act_3_family_of_origin",3,"reflection","warning","Reflection card missing reflection text","Reflection cards should have reflection prompt text"
"divorced_toxic_patterns","act_4_your_contribution",3,"reflection","warning","Reflection card missing reflection text","Reflection cards should have reflection prompt text"
"divorced_toxic_patterns","act_5_attachment_patterns",4,"reflection","warning","Reflection card missing reflection text","Reflection cards should have reflection prompt text"
"divorced_toxic_patterns","act_6_conflict_patterns",3,"reflection","warning","Reflection card missing reflection text","Reflection cards should have reflection prompt text"
"divorced_toxic_patterns","act_7_communication_patterns",3,"reflection","warning","Reflection card missing reflection text","Reflection cards should have reflection prompt text"
"divorced_toxic_patterns","act_8_partner_selection",3,"reflection","warning","Reflection card missing reflection text","Reflection cards should have reflection prompt text"
"divorced_toxic_patterns","act_9_doing_the_work",4,"reflection","warning","Reflection card missing reflection text","Reflection cards should have reflection prompt text"
"divorced_toxic_patterns","act_10_new_patterns",2,"reflection","warning","Reflection card missing reflection text","Reflection cards should have reflection prompt text"
"divorced_toxic_patterns","act_10_new_patterns",3,"reflection","warning","Reflection card missing reflection text","Reflection cards should have reflection prompt text"
"divorced_understanding_what_went_wrong","act_1_why_understanding_matters",4,"reflection","warning","Reflection card missing reflection text","Reflection cards should have reflection prompt text"
"divorced_understanding_what_went_wrong","act_2_the_story",4,"reflection","warning","Reflection card missing reflection text","Reflection cards should have reflection prompt text"
"divorced_understanding_what_went_wrong","act_3_contributing_factors",3,"reflection","warning","Reflection card missing reflection text","Reflection cards should have reflection prompt text"
"divorced_understanding_what_went_wrong","act_4_their_part",3,"reflection","warning","Reflection card missing reflection text","Reflection cards should have reflection prompt text"
"divorced_understanding_what_went_wrong","act_5_your_part",3,"reflection","warning","Reflection card missing reflection text","Reflection cards should have reflection prompt text"
"divorced_understanding_what_went_wrong","act_6_patterns",3,"reflection","warning","Reflection card missing reflection text","Reflection cards should have reflection prompt text"
"divorced_understanding_what_went_wrong","act_7_uncontrollable",3,"reflection","warning","Reflection card missing reflection text","Reflection cards should have reflection prompt text"
"divorced_understanding_what_went_wrong","act_8_turning_points",3,"reflection","warning","Reflection card missing reflection text","Reflection cards should have reflection prompt text"
"divorced_understanding_what_went_wrong","act_9_lessons",3,"reflection","warning","Reflection card missing reflection text","Reflection cards should have reflection prompt text"
"divorced_understanding_what_went_wrong","act_10_integration",2,"reflection","warning","Reflection card missing reflection text","Reflection cards should have reflection prompt text"
"married_communication_conflict","act_1_communication_crossroads",4,"reflection","warning","Reflection card missing reflection text","Reflection cards should have reflection prompt text"
"married_communication_conflict","act_2_listening_speak",3,"reflection","warning","Reflection card missing reflection text","Reflection cards should have reflection prompt text"
"married_communication_conflict","act_3_speaking_heard",2,"teaching","warning","Unmatched markdown pattern (asterisks)","Text has odd number of ** - likely unclosed bold"
"married_communication_conflict","act_3_speaking_heard",3,"reflection","warning","Reflection card missing reflection text","Reflection cards should have reflection prompt text"
"married_communication_conflict","act_5_beneath_surface",2,"reflection","warning","Reflection card missing reflection text","Reflection cards should have reflection prompt text"
"married_communication_conflict","act_6_daily_connection",4,"reflection","warning","Reflection card missing reflection text","Reflection cards should have reflection prompt text"
"married_communication_conflict","act_7_fighting_fair",4,"reflection","warning","Reflection card missing reflection text","Reflection cards should have reflection prompt text"
"married_communication_conflict","act_8_different_styles",4,"reflection","warning","Reflection card missing reflection text","Reflection cards should have reflection prompt text"
"married_communication_conflict","act_9_repair_after_conflict",3,"reflection","warning","Reflection card missing reflection text","Reflection cards should have reflection prompt text"
"married_communication_conflict","act_10_perpetual_problems",2,"reflection","warning","Reflection card missing reflection text","Reflection cards should have reflection prompt text"
"married_communication_conflict","act_11_communication_commitment",1,"reflection","warning","Reflection card missing reflection text","Reflection cards should have reflection prompt text"
"married_communication_conflict","act_11_communication_commitment",2,"reflection","warning","Reflection card missing reflection text","Reflection cards should have reflection prompt text"
"married_cultural_differences","act_1_culture_shapes_us",3,"reflection","warning","Reflection card missing reflection text","Reflection cards should have reflection prompt text"
"married_cultural_differences","act_2_family_expectations",3,"reflection","warning","Reflection card missing reflection text","Reflection cards should have reflection prompt text"
"married_cultural_differences","act_3_communication_styles",4,"reflection","warning","Reflection card missing reflection text","Reflection cards should have reflection prompt text"
"married_cultural_differences","act_4_values_worldview",3,"reflection","warning","Reflection card missing reflection text","Reflection cards should have reflection prompt text"
"married_cultural_differences","act_5_holidays_traditions",3,"reflection","warning","Reflection card missing reflection text","Reflection cards should have reflection prompt text"
"married_cultural_differences","act_6_raising_children",3,"reflection","warning","Reflection card missing reflection text","Reflection cards should have reflection prompt text"
"married_cultural_differences","act_7_faith_differences",3,"reflection","warning","Reflection card missing reflection text","Reflection cards should have reflection prompt text"
"married_cultural_differences","act_8_handling_criticism",3,"reflection","warning","Reflection card missing reflection text","Reflection cards should have reflection prompt text"
"married_cultural_differences","act_9_strength_in_difference",2,"reflection","warning","Reflection card missing reflection text","Reflection cards should have reflection prompt text"
"married_cultural_differences","act_10_commitment",2,"reflection","warning","Reflection card missing reflection text","Reflection cards should have reflection prompt text"
"married_cultural_differences","act_10_commitment",3,"reflection","warning","Reflection card missing reflection text","Reflection cards should have reflection prompt text"
"married_emotional_physical_intimacy","act_1_intimacy_gap",3,"reflection","warning","Reflection card missing reflection text","Reflection cards should have reflection prompt text"
"married_emotional_physical_intimacy","act_2_intimacy_blockers",4,"reflection","warning","Reflection card missing reflection text","Reflection cards should have reflection prompt text"
"married_emotional_physical_intimacy","act_4_men_women_different",4,"reflection","warning","Reflection card missing reflection text","Reflection cards should have reflection prompt text"
"married_emotional_physical_intimacy","act_5_emotional_safety",4,"reflection","warning","Reflection card missing reflection text","Reflection cards should have reflection prompt text"
"married_emotional_physical_intimacy","act_6_healing_hurts",2,"reflection","warning","Reflection card missing reflection text","Reflection cards should have reflection prompt text"
"married_emotional_physical_intimacy","act_6_healing_hurts",3,"reflection","warning","Reflection card missing reflection text","Reflection cards should have reflection prompt text"
"married_emotional_physical_intimacy","act_7_non_sexual_touch",0,"teaching","warning","Unmatched markdown pattern (asterisks)","Text has odd number of ** - likely unclosed bold"
"married_emotional_physical_intimacy","act_8_emotional_intimacy_practices",5,"reflection","warning","Reflection card missing reflection text","Reflection cards should have reflection prompt text"
"married_emotional_physical_intimacy","act_9_physical_intimacy_environment",2,"reflection","warning","Reflection card missing reflection text","Reflection cards should have reflection prompt text"
"married_emotional_physical_intimacy","act_10_initiating_responding",4,"reflection","warning","Reflection card missing reflection text","Reflection cards should have reflection prompt text"
"married_emotional_physical_intimacy","act_11_intimacy_commitment",2,"reflection","warning","Reflection card missing reflection text","Reflection cards should have reflection prompt text"
"married_emotional_physical_intimacy","act_11_intimacy_commitment",3,"reflection","warning","Reflection card missing reflection text","Reflection cards should have reflection prompt text"
"married_faith_spiritual_unity","act_1_spiritual_intimacy",4,"reflection","warning","Reflection card missing reflection text","Reflection cards should have reflection prompt text"
"married_faith_spiritual_unity","act_2_spiritual_histories",2,"reflection","warning","Reflection card missing reflection text","Reflection cards should have reflection prompt text"
"married_faith_spiritual_unity","act_3_praying_together",4,"reflection","warning","Reflection card missing reflection text","Reflection cards should have reflection prompt text"
"married_faith_spiritual_unity","act_4_spiritual_differences",3,"reflection","warning","Reflection card missing reflection text","Reflection cards should have reflection prompt text"
"married_faith_spiritual_unity","act_5_spiritual_rhythms",3,"reflection","warning","Reflection card missing reflection text","Reflection cards should have reflection prompt text"
"married_faith_spiritual_unity","act_6_scripture_together",3,"reflection","warning","Reflection card missing reflection text","Reflection cards should have reflection prompt text"
"married_faith_spiritual_unity","act_7_supporting_growth",3,"reflection","warning","Reflection card missing reflection text","Reflection cards should have reflection prompt text"
"married_faith_spiritual_unity","act_8_faith_centered_home",3,"reflection","warning","Reflection card missing reflection text","Reflection cards should have reflection prompt text"
"married_faith_spiritual_unity","act_9_serving_together",3,"reflection","warning","Reflection card missing reflection text","Reflection cards should have reflection prompt text"
"married_faith_spiritual_unity","act_10_commitment",2,"reflection","warning","Reflection card missing reflection text","Reflection cards should have reflection prompt text"
"married_faith_spiritual_unity","act_10_commitment",3,"reflection","warning","Reflection card missing reflection text","Reflection cards should have reflection prompt text"
"married_handling_infidelity","act_1_aftermath",3,"teaching","warning","Unmatched markdown pattern (asterisks)","Text has odd number of ** - likely unclosed bold"
"married_handling_infidelity","act_2_why_it_hurts",4,"reflection","warning","Reflection card missing reflection text","Reflection cards should have reflection prompt text"
"married_handling_infidelity","act_3_unfaithful_work",4,"reflection","warning","Reflection card missing reflection text","Reflection cards should have reflection prompt text"
"married_handling_infidelity","act_4_disclosure",4,"reflection","warning","Reflection card missing reflection text","Reflection cards should have reflection prompt text"
"married_handling_infidelity","act_5_stay_or_go",4,"reflection","warning","Reflection card missing reflection text","Reflection cards should have reflection prompt text"
"married_handling_infidelity","act_6_rebuilding_safety",4,"reflection","warning","Reflection card missing reflection text","Reflection cards should have reflection prompt text"
"married_handling_infidelity","act_7_triggers",4,"reflection","warning","Reflection card missing reflection text","Reflection cards should have reflection prompt text"
"married_handling_infidelity","act_8_forgiveness",0,"teaching","warning","Unmatched markdown pattern (asterisks)","Text has odd number of ** - likely unclosed bold"
"married_handling_infidelity","act_8_forgiveness",4,"reflection","warning","Reflection card missing reflection text","Reflection cards should have reflection prompt text"
"married_handling_infidelity","act_9_rebuilding_intimacy",3,"reflection","warning","Reflection card missing reflection text","Reflection cards should have reflection prompt text"
"married_handling_infidelity","act_10_new_marriage",2,"reflection","warning","Reflection card missing reflection text","Reflection cards should have reflection prompt text"
"married_harmful_conflict_patterns","act_1_the_dance",4,"reflection","warning","Reflection card missing reflection text","Reflection cards should have reflection prompt text"
"married_harmful_conflict_patterns","act_2_beneath_pattern",3,"reflection","warning","Reflection card missing reflection text","Reflection cards should have reflection prompt text"
"married_harmful_conflict_patterns","act_2_beneath_pattern",4,"reflection","warning","Reflection card missing reflection text","Reflection cards should have reflection prompt text"
"married_harmful_conflict_patterns","act_3_family_origins",2,"reflection","warning","Reflection card missing reflection text","Reflection cards should have reflection prompt text"
"married_harmful_conflict_patterns","act_3_family_origins",4,"reflection","warning","Reflection card missing reflection text","Reflection cards should have reflection prompt text"
"married_harmful_conflict_patterns","act_4_trigger_moment",3,"reflection","warning","Reflection card missing reflection text","Reflection cards should have reflection prompt text"
"married_harmful_conflict_patterns","act_5_pursue_withdraw",4,"reflection","warning","Reflection card missing reflection text","Reflection cards should have reflection prompt text"
"married_harmful_conflict_patterns","act_6_other_patterns",1,"teaching","warning","Unmatched markdown pattern (asterisks)","Text has odd number of ** - likely unclosed bold"
"married_harmful_conflict_patterns","act_6_other_patterns",4,"reflection","warning","Reflection card missing reflection text","Reflection cards should have reflection prompt text"
"married_harmful_conflict_patterns","act_7_interrupting",1,"teaching","warning","Unmatched markdown pattern (asterisks)","Text has odd number of ** - likely unclosed bold"
"married_harmful_conflict_patterns","act_7_interrupting",4,"reflection","warning","Reflection card missing reflection text","Reflection cards should have reflection prompt text"
"married_harmful_conflict_patterns","act_8_new_dance",4,"reflection","warning","Reflection card missing reflection text","Reflection cards should have reflection prompt text"
"married_harmful_conflict_patterns","act_9_setbacks",3,"reflection","warning","Reflection card missing reflection text","Reflection cards should have reflection prompt text"
"married_harmful_conflict_patterns","act_10_rebuilding_safety",2,"reflection","warning","Reflection card missing reflection text","Reflection cards should have reflection prompt text"
"married_harmful_conflict_patterns","act_11_new_legacy",1,"reflection","warning","Reflection card missing reflection text","Reflection cards should have reflection prompt text"
"married_harmful_conflict_patterns","act_11_new_legacy",3,"reflection","warning","Reflection card missing reflection text","Reflection cards should have reflection prompt text"
"married_infertility","act_1_grief_nobody_sees",3,"reflection","warning","Reflection card missing reflection text","Reflection cards should have reflection prompt text"
"married_infertility","act_2_grieving_differently",4,"reflection","warning","Reflection card missing reflection text","Reflection cards should have reflection prompt text"
"married_infertility","act_3_treatment_decisions",3,"reflection","warning","Reflection card missing reflection text","Reflection cards should have reflection prompt text"
"married_infertility","act_4_intimacy_under_pressure",3,"reflection","warning","Reflection card missing reflection text","Reflection cards should have reflection prompt text"
"married_infertility","act_5_handling_others",3,"reflection","warning","Reflection card missing reflection text","Reflection cards should have reflection prompt text"
"married_infertility","act_6_faith_and_infertility",3,"reflection","warning","Reflection card missing reflection text","Reflection cards should have reflection prompt text"
"married_infertility","act_7_protecting_marriage",3,"reflection","warning","Reflection card missing reflection text","Reflection cards should have reflection prompt text"
"married_infertility","act_8_considering_alternatives",3,"reflection","warning","Reflection card missing reflection text","Reflection cards should have reflection prompt text"
"married_infertility","act_9_finding_hope",3,"reflection","warning","Reflection card missing reflection text","Reflection cards should have reflection prompt text"
"married_infertility","act_10_commitment",2,"reflection","warning","Reflection card missing reflection text","Reflection cards should have reflection prompt text"
"married_infertility","act_10_commitment",3,"reflection","warning","Reflection card missing reflection text","Reflection cards should have reflection prompt text"
"married_inlaws_extended_family","act_2_leave_and_cleave",4,"reflection","warning","Reflection card missing reflection text","Reflection cards should have reflection prompt text"
"married_inlaws_extended_family","act_3_boundaries",3,"reflection","warning","Reflection card missing reflection text","Reflection cards should have reflection prompt text"
"married_inlaws_extended_family","act_4_loyalty_conflicts",4,"reflection","warning","Reflection card missing reflection text","Reflection cards should have reflection prompt text"
"married_inlaws_extended_family","act_5_your_parents",3,"reflection","warning","Reflection card missing reflection text","Reflection cards should have reflection prompt text"
"married_inlaws_extended_family","act_6_your_inlaws",3,"reflection","warning","Reflection card missing reflection text","Reflection cards should have reflection prompt text"
"married_inlaws_extended_family","act_7_holidays_events",3,"reflection","warning","Reflection card missing reflection text","Reflection cards should have reflection prompt text"
"married_inlaws_extended_family","act_8_grandparents",4,"reflection","warning","Reflection card missing reflection text","Reflection cards should have reflection prompt text"
"married_inlaws_extended_family","act_9_complicated_situations",4,"reflection","warning","Reflection card missing reflection text","Reflection cards should have reflection prompt text"
"married_inlaws_extended_family","act_10_family_commitment",2,"reflection","warning","Reflection card missing reflection text","Reflection cards should have reflection prompt text"
"married_inlaws_extended_family","act_10_family_commitment",3,"reflection","warning","Reflection card missing reflection text","Reflection cards should have reflection prompt text"
"married_keeping_romance_alive","act_1_where_did_spark_go",1,"teaching","warning","Unmatched markdown pattern (asterisks)","Text has odd number of ** - likely unclosed bold"
"married_keeping_romance_alive","act_1_where_did_spark_go",4,"reflection","warning","Reflection card missing reflection text","Reflection cards should have reflection prompt text"
"married_keeping_romance_alive","act_2_romance_killers",3,"teaching","warning","Unmatched markdown pattern (asterisks)","Text has odd number of ** - likely unclosed bold"
"married_keeping_romance_alive","act_2_romance_killers",4,"reflection","warning","Reflection card missing reflection text","Reflection cards should have reflection prompt text"
"married_keeping_romance_alive","act_3_fresh_eyes",3,"reflection","warning","Reflection card missing reflection text","Reflection cards should have reflection prompt text"
"married_keeping_romance_alive","act_4_pursuit_again",4,"reflection","warning","Reflection card missing reflection text","Reflection cards should have reflection prompt text"
"married_keeping_romance_alive","act_5_adventure_novelty",3,"reflection","warning","Reflection card missing reflection text","Reflection cards should have reflection prompt text"
"married_keeping_romance_alive","act_6_playfulness",4,"reflection","warning","Reflection card missing reflection text","Reflection cards should have reflection prompt text"
"married_keeping_romance_alive","act_7_words_of_love",1,"teaching","warning","Unmatched markdown pattern (asterisks)","Text has odd number of ** - likely unclosed bold"
"married_keeping_romance_alive","act_7_words_of_love",4,"reflection","warning","Reflection card missing reflection text","Reflection cards should have reflection prompt text"
"married_keeping_romance_alive","act_8_physical_affection",4,"reflection","warning","Reflection card missing reflection text","Reflection cards should have reflection prompt text"
"married_keeping_romance_alive","act_9_rituals_of_romance",4,"reflection","warning","Reflection card missing reflection text","Reflection cards should have reflection prompt text"
"married_keeping_romance_alive","act_10_protecting_romance",3,"reflection","warning","Reflection card missing reflection text","Reflection cards should have reflection prompt text"
"married_keeping_romance_alive","act_10_protecting_romance",5,"action","warning","Unmatched markdown pattern (asterisks)","Text has odd number of ** - likely unclosed bold"
"married_keeping_romance_alive","act_11_romance_commitment",3,"reflection","warning","Reflection card missing reflection text","Reflection cards should have reflection prompt text"
"married_keeping_romance_alive","act_11_romance_commitment",4,"reflection","warning","Reflection card missing reflection text","Reflection cards should have reflection prompt text"
"married_managing_finances","act_1_money_conflict",4,"reflection","warning","Reflection card missing reflection text","Reflection cards should have reflection prompt text"
"married_managing_finances","act_2_money_stories",2,"reflection","warning","Reflection card missing reflection text","Reflection cards should have reflection prompt text"
"married_managing_finances","act_4_shared_vision",2,"reflection","warning","Reflection card missing reflection text","Reflection cards should have reflection prompt text"
"married_managing_finances","act_4_shared_vision",4,"reflection","warning","Reflection card missing reflection text","Reflection cards should have reflection prompt text"
"married_managing_finances","act_5_biblical_stewardship",4,"reflection","warning","Reflection card missing reflection text","Reflection cards should have reflection prompt text"
"married_managing_finances","act_7_debt_and_saving",4,"reflection","warning","Reflection card missing reflection text","Reflection cards should have reflection prompt text"
"married_managing_finances","act_8_financial_decisions",3,"reflection","warning","Reflection card missing reflection text","Reflection cards should have reflection prompt text"
"married_managing_finances","act_9_financial_communication",4,"reflection","warning","Reflection card missing reflection text","Reflection cards should have reflection prompt text"
"married_managing_finances","act_10_financial_partnership",2,"reflection","warning","Reflection card missing reflection text","Reflection cards should have reflection prompt text"
"married_managing_finances","act_10_financial_partnership",3,"reflection","warning","Reflection card missing reflection text","Reflection cards should have reflection prompt text"
"married_masculinity_femininity","act_1_different_by_design",4,"reflection","warning","Reflection card missing reflection text","Reflection cards should have reflection prompt text"
"married_masculinity_femininity","act_2_understanding_him",4,"reflection","warning","Reflection card missing reflection text","Reflection cards should have reflection prompt text"
"married_masculinity_femininity","act_3_understanding_her",4,"reflection","warning","Reflection card missing reflection text","Reflection cards should have reflection prompt text"
"married_masculinity_femininity","act_4_respect_love",4,"reflection","warning","Reflection card missing reflection text","Reflection cards should have reflection prompt text"
"married_masculinity_femininity","act_5_strength_in_difference",3,"reflection","warning","Reflection card missing reflection text","Reflection cards should have reflection prompt text"
"married_masculinity_femininity","act_6_masculine_strength",4,"reflection","warning","Reflection card missing reflection text","Reflection cards should have reflection prompt text"
"married_masculinity_femininity","act_7_feminine_beauty",4,"reflection","warning","Reflection card missing reflection text","Reflection cards should have reflection prompt text"
"married_masculinity_femininity","act_8_avoiding_extremes",4,"reflection","warning","Reflection card missing reflection text","Reflection cards should have reflection prompt text"
"married_masculinity_femininity","act_9_appreciating_spouse",2,"reflection","warning","Reflection card missing reflection text","Reflection cards should have reflection prompt text"
"married_masculinity_femininity","act_10_celebration_commitment",2,"reflection","warning","Reflection card missing reflection text","Reflection cards should have reflection prompt text"
"married_masculinity_femininity","act_10_celebration_commitment",3,"reflection","warning","Reflection card missing reflection text","Reflection cards should have reflection prompt text"
"married_parenting_partners","act_2_parenting_backgrounds",2,"reflection","warning","Reflection card missing reflection text","Reflection cards should have reflection prompt text"
"married_parenting_partners","act_3_unified_philosophy",2,"reflection","warning","Reflection card missing reflection text","Reflection cards should have reflection prompt text"
"married_parenting_partners","act_4_discipline_together",3,"reflection","warning","Reflection card missing reflection text","Reflection cards should have reflection prompt text"
"married_parenting_partners","act_5_protecting_marriage",4,"reflection","warning","Reflection card missing reflection text","Reflection cards should have reflection prompt text"
"married_parenting_partners","act_7_exhaustion",4,"reflection","warning","Reflection card missing reflection text","Reflection cards should have reflection prompt text"
"married_parenting_partners","act_8_common_traps",4,"reflection","warning","Reflection card missing reflection text","Reflection cards should have reflection prompt text"
"married_parenting_partners","act_9_different_stages",4,"reflection","warning","Reflection card missing reflection text","Reflection cards should have reflection prompt text"
"married_parenting_partners","act_10_partnership_commitment",2,"reflection","warning","Reflection card missing reflection text","Reflection cards should have reflection prompt text"
"married_parenting_partners","act_10_partnership_commitment",3,"reflection","warning","Reflection card missing reflection text","Reflection cards should have reflection prompt text"
"married_personal_growth","act_1_your_growth_matters",3,"reflection","warning","Reflection card missing reflection text","Reflection cards should have reflection prompt text"
"married_personal_growth","act_2_emotional_awareness",3,"reflection","warning","Reflection card missing reflection text","Reflection cards should have reflection prompt text"
"married_personal_growth","act_3_emotional_regulation",4,"reflection","warning","Reflection card missing reflection text","Reflection cards should have reflection prompt text"
"married_personal_growth","act_4_defensive_patterns",3,"reflection","warning","Reflection card missing reflection text","Reflection cards should have reflection prompt text"
"married_personal_growth","act_5_past_wounds",3,"reflection","warning","Reflection card missing reflection text","Reflection cards should have reflection prompt text"
"married_personal_growth","act_6_taking_responsibility",3,"reflection","warning","Reflection card missing reflection text","Reflection cards should have reflection prompt text"
"married_personal_growth","act_7_character_development",4,"reflection","warning","Reflection card missing reflection text","Reflection cards should have reflection prompt text"
"married_personal_growth","act_8_identity_security",3,"reflection","warning","Reflection card missing reflection text","Reflection cards should have reflection prompt text"
"married_personal_growth","act_9_ongoing_growth",3,"reflection","warning","Reflection card missing reflection text","Reflection cards should have reflection prompt text"
"married_personal_growth","act_10_commitment",2,"reflection","warning","Reflection card missing reflection text","Reflection cards should have reflection prompt text"
"married_personal_growth","act_10_commitment",3,"reflection","warning","Reflection card missing reflection text","Reflection cards should have reflection prompt text"
"married_rebuilding_trust","act_1_when_trust_breaks",4,"reflection","warning","Reflection card missing reflection text","Reflection cards should have reflection prompt text"
"married_rebuilding_trust","act_2_betrayed_spouse_pain",4,"reflection","warning","Reflection card missing reflection text","Reflection cards should have reflection prompt text"
"married_rebuilding_trust","act_3_offending_spouse",4,"reflection","warning","Reflection card missing reflection text","Reflection cards should have reflection prompt text"
"married_rebuilding_trust","act_4_anatomy_of_trust",3,"reflection","warning","Reflection card missing reflection text","Reflection cards should have reflection prompt text"
"married_rebuilding_trust","act_5_transparency",4,"reflection","warning","Reflection card missing reflection text","Reflection cards should have reflection prompt text"
"married_rebuilding_trust","act_6_answering_questions",4,"reflection","warning","Reflection card missing reflection text","Reflection cards should have reflection prompt text"
"married_rebuilding_trust","act_7_consistent_behavior",4,"reflection","warning","Reflection card missing reflection text","Reflection cards should have reflection prompt text"
"married_rebuilding_trust","act_8_forgiveness_journey",4,"reflection","warning","Reflection card missing reflection text","Reflection cards should have reflection prompt text"
"married_rebuilding_trust","act_9_rebuilding_together",3,"reflection","warning","Reflection card missing reflection text","Reflection cards should have reflection prompt text"
"married_rebuilding_trust","act_10_new_foundation",2,"reflection","warning","Reflection card missing reflection text","Reflection cards should have reflection prompt text"
"married_rebuilding_trust","act_11_living_with_scars",3,"reflection","warning","Reflection card missing reflection text","Reflection cards should have reflection prompt text"
"married_rebuilding_trust","act_12_trust_commitment",2,"reflection","warning","Reflection card missing reflection text","Reflection cards should have reflection prompt text"
"married_rebuilding_trust","act_12_trust_commitment",3,"reflection","warning","Reflection card missing reflection text","Reflection cards should have reflection prompt text"
"married_reigniting_sexual_desire","act_1_the_desire_gap",4,"reflection","warning","Reflection card missing reflection text","Reflection cards should have reflection prompt text"
"married_reigniting_sexual_desire","act_3_brakes_accelerators",3,"reflection","warning","Reflection card missing reflection text","Reflection cards should have reflection prompt text"
"married_reigniting_sexual_desire","act_3_brakes_accelerators",4,"reflection","warning","Reflection card missing reflection text","Reflection cards should have reflection prompt text"
"married_reigniting_sexual_desire","act_4_desire_discrepancy",4,"reflection","warning","Reflection card missing reflection text","Reflection cards should have reflection prompt text"
"married_reigniting_sexual_desire","act_4_desire_discrepancy",5,"action","warning","Unmatched markdown pattern (asterisks)","Text has odd number of ** - likely unclosed bold"
"married_reigniting_sexual_desire","act_5_rebuilding_attraction",4,"reflection","warning","Reflection card missing reflection text","Reflection cards should have reflection prompt text"
"married_reigniting_sexual_desire","act_6_body_image",3,"reflection","warning","Reflection card missing reflection text","Reflection cards should have reflection prompt text"
"married_reigniting_sexual_desire","act_7_communicating_needs",4,"reflection","warning","Reflection card missing reflection text","Reflection cards should have reflection prompt text"
"married_reigniting_sexual_desire","act_7_communicating_needs",5,"action","warning","Unmatched markdown pattern (asterisks)","Text has odd number of ** - likely unclosed bold"
"married_reigniting_sexual_desire","act_8_creating_context",2,"teaching","warning","Unmatched markdown pattern (asterisks)","Text has odd number of ** - likely unclosed bold"
"married_reigniting_sexual_desire","act_8_creating_context",4,"reflection","warning","Reflection card missing reflection text","Reflection cards should have reflection prompt text"
"married_reigniting_sexual_desire","act_9_pleasure_and_presence",4,"reflection","warning","Reflection card missing reflection text","Reflection cards should have reflection prompt text"
"married_reigniting_sexual_desire","act_10_past_wounds",4,"reflection","warning","Reflection card missing reflection text","Reflection cards should have reflection prompt text"
"married_reigniting_sexual_desire","act_11_gods_design",4,"reflection","warning","Reflection card missing reflection text","Reflection cards should have reflection prompt text"
"married_reigniting_sexual_desire","act_12_sexual_commitment",2,"reflection","warning","Reflection card missing reflection text","Reflection cards should have reflection prompt text"
"married_reigniting_sexual_desire","act_12_sexual_commitment",3,"reflection","warning","Reflection card missing reflection text","Reflection cards should have reflection prompt text"
"married_restoring_friendship","act_1_lost_friend",2,"reflection","warning","Reflection card missing reflection text","Reflection cards should have reflection prompt text"
"married_restoring_friendship","act_1_lost_friend",3,"reflection","warning","Reflection card missing reflection text","Reflection cards should have reflection prompt text"
"married_restoring_friendship","act_2_love_maps",4,"reflection","warning","Reflection card missing reflection text","Reflection cards should have reflection prompt text"
"married_restoring_friendship","act_3_turning_toward",1,"teaching","warning","Unmatched markdown pattern (asterisks)","Text has odd number of ** - likely unclosed bold"
"married_restoring_friendship","act_3_turning_toward",4,"reflection","warning","Reflection card missing reflection text","Reflection cards should have reflection prompt text"
"married_restoring_friendship","act_4_rituals",4,"reflection","warning","Reflection card missing reflection text","Reflection cards should have reflection prompt text"
"married_restoring_friendship","act_5_admiration",2,"reflection","warning","Reflection card missing reflection text","Reflection cards should have reflection prompt text"
"married_restoring_friendship","act_5_admiration",3,"reflection","warning","Reflection card missing reflection text","Reflection cards should have reflection prompt text"
"married_restoring_friendship","act_6_emotional_intimacy",4,"reflection","warning","Reflection card missing reflection text","Reflection cards should have reflection prompt text"
"married_restoring_friendship","act_7_fun_together",0,"teaching","warning","Unmatched markdown pattern (asterisks)","Text has odd number of ** - likely unclosed bold"
"married_restoring_friendship","act_7_fun_together",2,"reflection","warning","Reflection card missing reflection text","Reflection cards should have reflection prompt text"
"married_restoring_friendship","act_7_fun_together",3,"reflection","warning","Reflection card missing reflection text","Reflection cards should have reflection prompt text"
"married_restoring_friendship","act_8_repair_disconnection",3,"reflection","warning","Reflection card missing reflection text","Reflection cards should have reflection prompt text"
"married_restoring_friendship","act_9_shared_meaning",3,"reflection","warning","Reflection card missing reflection text","Reflection cards should have reflection prompt text"
"married_restoring_friendship","act_9_shared_meaning",4,"reflection","warning","Reflection card missing reflection text","Reflection cards should have reflection prompt text"
"married_restoring_friendship","act_10_protecting_friendship",4,"reflection","warning","Reflection card missing reflection text","Reflection cards should have reflection prompt text"
"married_restoring_friendship","act_11_commitment",2,"reflection","warning","Reflection card missing reflection text","Reflection cards should have reflection prompt text"
"married_restoring_friendship","act_11_commitment",3,"reflection","warning","Reflection card missing reflection text","Reflection cards should have reflection prompt text"
"married_roles_expectations","act_1_unspoken_expectations",3,"reflection","warning","Reflection card missing reflection text","Reflection cards should have reflection prompt text"
"married_roles_expectations","act_2_family_of_origin",2,"reflection","warning","Reflection card missing reflection text","Reflection cards should have reflection prompt text"
"married_roles_expectations","act_2_family_of_origin",3,"reflection","warning","Reflection card missing reflection text","Reflection cards should have reflection prompt text"
"married_roles_expectations","act_3_traditional_contemporary",4,"reflection","warning","Reflection card missing reflection text","Reflection cards should have reflection prompt text"
"married_roles_expectations","act_4_household_division",4,"reflection","warning","Reflection card missing reflection text","Reflection cards should have reflection prompt text"
"married_roles_expectations","act_5_mental_load",4,"reflection","warning","Reflection card missing reflection text","Reflection cards should have reflection prompt text"
"married_roles_expectations","act_6_financial_roles",3,"reflection","warning","Reflection card missing reflection text","Reflection cards should have reflection prompt text"
"married_roles_expectations","act_7_parenting_roles",3,"reflection","warning","Reflection card missing reflection text","Reflection cards should have reflection prompt text"
"married_roles_expectations","act_8_decision_making",4,"reflection","warning","Reflection card missing reflection text","Reflection cards should have reflection prompt text"
"married_roles_expectations","act_9_adapting_seasons",3,"reflection","warning","Reflection card missing reflection text","Reflection cards should have reflection prompt text"
"married_roles_expectations","act_10_partnership_commitment",2,"reflection","warning","Reflection card missing reflection text","Reflection cards should have reflection prompt text"
"married_roles_expectations","act_10_partnership_commitment",3,"reflection","warning","Reflection card missing reflection text","Reflection cards should have reflection prompt text"
"married_shared_purpose_vision","act_1_more_than_maintenance",4,"reflection","warning","Reflection card missing reflection text","Reflection cards should have reflection prompt text"
"married_shared_purpose_vision","act_2_individual_dreams",3,"reflection","warning","Reflection card missing reflection text","Reflection cards should have reflection prompt text"
"married_shared_purpose_vision","act_3_shared_values",3,"reflection","warning","Reflection card missing reflection text","Reflection cards should have reflection prompt text"
"married_shared_purpose_vision","act_4_marriage_vision",3,"reflection","warning","Reflection card missing reflection text","Reflection cards should have reflection prompt text"
"married_shared_purpose_vision","act_5_life_vision",3,"reflection","warning","Reflection card missing reflection text","Reflection cards should have reflection prompt text"
"married_shared_purpose_vision","act_6_setting_goals",3,"reflection","warning","Reflection card missing reflection text","Reflection cards should have reflection prompt text"
"married_shared_purpose_vision","act_7_daily_alignment",3,"reflection","warning","Reflection card missing reflection text","Reflection cards should have reflection prompt text"
"married_shared_purpose_vision","act_8_navigating_obstacles",3,"reflection","warning","Reflection card missing reflection text","Reflection cards should have reflection prompt text"
"married_shared_purpose_vision","act_9_legacy",3,"reflection","warning","Reflection card missing reflection text","Reflection cards should have reflection prompt text"
"married_shared_purpose_vision","act_10_commitment",2,"reflection","warning","Reflection card missing reflection text","Reflection cards should have reflection prompt text"
"married_shared_purpose_vision","act_10_commitment",3,"reflection","warning","Reflection card missing reflection text","Reflection cards should have reflection prompt text"
"singles_biblical_femininity","act_1_competing_visions",0,"teaching","warning","Excessive line breaks in text","Text has 34 line breaks. May create visual fragmentation."
"singles_biblical_femininity","act_1_competing_visions",2,"reflection","warning","Reflection card missing reflection text","Reflection cards should have reflection prompt text"
"singles_biblical_femininity","act_1_competing_visions",4,"reflection","warning","Reflection card missing reflection text","Reflection cards should have reflection prompt text"
"singles_biblical_femininity","act_2_genesis_design",2,"reflection","warning","Reflection card missing reflection text","Reflection cards should have reflection prompt text"
"singles_biblical_femininity","act_2_genesis_design",4,"reflection","warning","Reflection card missing reflection text","Reflection cards should have reflection prompt text"
"singles_biblical_femininity","act_3_women_of_scripture",0,"teaching","warning","Excessive line breaks in text","Text has 26 line breaks. May create visual fragmentation."
"singles_biblical_femininity","act_3_women_of_scripture",1,"teaching","warning","Excessive line breaks in text","Text has 22 line breaks. May create visual fragmentation."
"singles_biblical_femininity","act_3_women_of_scripture",2,"reflection","warning","Reflection card missing reflection text","Reflection cards should have reflection prompt text"
"singles_biblical_femininity","act_3_women_of_scripture",3,"reflection","warning","Reflection card missing reflection text","Reflection cards should have reflection prompt text"
"singles_biblical_femininity","act_3_women_of_scripture",5,"reflection","warning","Reflection card missing reflection text","Reflection cards should have reflection prompt text"
"singles_biblical_femininity","act_4_strength_gentleness",1,"teaching","warning","Excessive line breaks in text","Text has 24 line breaks. May create visual fragmentation."
"singles_biblical_femininity","act_4_strength_gentleness",2,"reflection","warning","Reflection card missing reflection text","Reflection cards should have reflection prompt text"
"singles_biblical_femininity","act_4_strength_gentleness",4,"reflection","warning","Reflection card missing reflection text","Reflection cards should have reflection prompt text"
"singles_biblical_femininity","act_5_beauty_worth",2,"reflection","warning","Reflection card missing reflection text","Reflection cards should have reflection prompt text"
"singles_biblical_femininity","act_5_beauty_worth",3,"teaching","warning","Excessive line breaks in text","Text has 22 line breaks. May create visual fragmentation."
"singles_biblical_femininity","act_5_beauty_worth",5,"reflection","warning","Reflection card missing reflection text","Reflection cards should have reflection prompt text"
"singles_biblical_femininity","act_6_feminine_influence",1,"teaching","warning","Excessive line breaks in text","Text has 28 line breaks. May create visual fragmentation."
"singles_biblical_femininity","act_6_feminine_influence",2,"reflection","warning","Reflection card missing reflection text","Reflection cards should have reflection prompt text"
"singles_biblical_femininity","act_6_feminine_influence",4,"reflection","warning","Reflection card missing reflection text","Reflection cards should have reflection prompt text"
"singles_biblical_femininity","act_7_partnership_marriage",0,"teaching","warning","Excessive line breaks in text","Text has 22 line breaks. May create visual fragmentation."
"singles_biblical_femininity","act_7_partnership_marriage",3,"reflection","warning","Reflection card missing reflection text","Reflection cards should have reflection prompt text"
"singles_biblical_femininity","act_7_partnership_marriage",5,"reflection","warning","Reflection card missing reflection text","Reflection cards should have reflection prompt text"
"singles_biblical_femininity","act_8_nurturing_life",2,"reflection","warning","Reflection card missing reflection text","Reflection cards should have reflection prompt text"
"singles_biblical_femininity","act_8_nurturing_life",4,"reflection","warning","Reflection card missing reflection text","Reflection cards should have reflection prompt text"
"singles_biblical_femininity","act_9_single_femininity",0,"teaching","warning","Excessive line breaks in text","Text has 22 line breaks. May create visual fragmentation."
"singles_biblical_femininity","act_9_single_femininity",2,"reflection","warning","Reflection card missing reflection text","Reflection cards should have reflection prompt text"
"singles_biblical_femininity","act_9_single_femininity",3,"teaching","warning","Excessive line breaks in text","Text has 28 line breaks. May create visual fragmentation."
"singles_biblical_femininity","act_9_single_femininity",4,"reflection","warning","Reflection card missing reflection text","Reflection cards should have reflection prompt text"
"singles_biblical_femininity","act_10_godly_confidence",2,"reflection","warning","Reflection card missing reflection text","Reflection cards should have reflection prompt text"
"singles_biblical_femininity","act_10_godly_confidence",4,"reflection","warning","Reflection card missing reflection text","Reflection cards should have reflection prompt text"
"singles_biblical_femininity","act_11_your_vision",1,"reflection","warning","Reflection card missing reflection text","Reflection cards should have reflection prompt text"
"singles_biblical_femininity","act_11_your_vision",4,"reflection","warning","Reflection card missing reflection text","Reflection cards should have reflection prompt text"
"singles_biblical_masculinity","act_1_masculinity_confusion",4,"reflection","warning","Reflection card missing reflection text","Reflection cards should have reflection prompt text"
"singles_biblical_masculinity","act_3_jesus_model",2,"reflection","warning","Reflection card missing reflection text","Reflection cards should have reflection prompt text"
"singles_biblical_masculinity","act_11_integrated_man",0,"reflection","warning","Reflection card missing reflection text","Reflection cards should have reflection prompt text"
"singles_breaking_cultural_lies","act_1_lies_you_didnt_know",3,"reflection","warning","Reflection card missing reflection text","Reflection cards should have reflection prompt text"
"singles_breaking_cultural_lies","act_1_lies_you_didnt_know",5,"reflection","warning","Reflection card missing reflection text","Reflection cards should have reflection prompt text"
"singles_breaking_cultural_lies","act_2_complete_me",2,"teaching","warning","Excessive line breaks in text","Text has 22 line breaks. May create visual fragmentation."
"singles_breaking_cultural_lies","act_2_complete_me",3,"reflection","warning","Reflection card missing reflection text","Reflection cards should have reflection prompt text"
"singles_breaking_cultural_lies","act_3_shouldnt_be_work",2,"reflection","warning","Reflection card missing reflection text","Reflection cards should have reflection prompt text"
"singles_breaking_cultural_lies","act_3_shouldnt_be_work",4,"reflection","warning","Reflection card missing reflection text","Reflection cards should have reflection prompt text"
"singles_breaking_cultural_lies","act_3_shouldnt_be_work",5,"teaching","warning","Excessive line breaks in text","Text has 24 line breaks. May create visual fragmentation."
"singles_breaking_cultural_lies","act_4_should_just_know",3,"reflection","warning","Reflection card missing reflection text","Reflection cards should have reflection prompt text"
"singles_breaking_cultural_lies","act_5_conflict_is_bad",3,"reflection","warning","Reflection card missing reflection text","Reflection cards should have reflection prompt text"
"singles_breaking_cultural_lies","act_6_passion_constant",1,"teaching","warning","Excessive line breaks in text","Text has 22 line breaks. May create visual fragmentation."
"singles_breaking_cultural_lies","act_6_passion_constant",2,"teaching","warning","Excessive line breaks in text","Text has 30 line breaks. May create visual fragmentation."
"singles_breaking_cultural_lies","act_6_passion_constant",3,"reflection","warning","Reflection card missing reflection text","Reflection cards should have reflection prompt text"
"singles_breaking_cultural_lies","act_7_gods_design",3,"reflection","warning","Reflection card missing reflection text","Reflection cards should have reflection prompt text"
"singles_breaking_cultural_lies","act_7_gods_design",5,"reflection","warning","Reflection card missing reflection text","Reflection cards should have reflection prompt text"
"singles_breaking_cultural_lies","act_8_marriage_will_make_happy",3,"reflection","warning","Reflection card missing reflection text","Reflection cards should have reflection prompt text"
"singles_breaking_cultural_lies","act_9_divorce_normal",3,"reflection","warning","Reflection card missing reflection text","Reflection cards should have reflection prompt text"
"singles_breaking_cultural_lies","act_10_truth_foundation",1,"reflection","warning","Reflection card missing reflection text","Reflection cards should have reflection prompt text"
"singles_breaking_cultural_lies","act_10_truth_foundation",3,"reflection","warning","Reflection card missing reflection text","Reflection cards should have reflection prompt text"
"singles_breaking_cultural_lies","act_10_truth_foundation",5,"reflection","warning","Reflection card missing reflection text","Reflection cards should have reflection prompt text"
"singles_choosing_spouse","act_1_most_important_decision",5,"reflection","warning","Reflection card missing reflection text","Reflection cards should have reflection prompt text"
"singles_choosing_spouse","act_3_spiritual_alignment",4,"reflection","warning","Reflection card missing reflection text","Reflection cards should have reflection prompt text"
"singles_choosing_spouse","act_4_emotional_health",3,"reflection","warning","Reflection card missing reflection text","Reflection cards should have reflection prompt text"
"singles_choosing_spouse","act_5_family_background",4,"reflection","warning","Reflection card missing reflection text","Reflection cards should have reflection prompt text"
"singles_choosing_spouse","act_7_conflict_patterns",4,"reflection","warning","Reflection card missing reflection text","Reflection cards should have reflection prompt text"
"singles_choosing_spouse","act_12_your_choice_framework",0,"reflection","warning","Reflection card missing reflection text","Reflection cards should have reflection prompt text"
"singles_communication_skills","act_1_why_communication",0,"teaching","warning","Excessive line breaks in text","Text has 24 line breaks. May create visual fragmentation."
"singles_communication_skills","act_1_why_communication",2,"reflection","warning","Reflection card missing reflection text","Reflection cards should have reflection prompt text"
"singles_communication_skills","act_1_why_communication",3,"reflection","warning","Reflection card missing reflection text","Reflection cards should have reflection prompt text"
"singles_communication_skills","act_1_why_communication",5,"reflection","warning","Reflection card missing reflection text","Reflection cards should have reflection prompt text"
"singles_communication_skills","act_2_deep_listening",1,"teaching","warning","Excessive line breaks in text","Text has 24 line breaks. May create visual fragmentation."
"singles_communication_skills","act_2_deep_listening",3,"reflection","warning","Reflection card missing reflection text","Reflection cards should have reflection prompt text"
"singles_communication_skills","act_2_deep_listening",4,"reflection","warning","Reflection card missing reflection text","Reflection cards should have reflection prompt text"
"singles_communication_skills","act_3_expressing_needs",0,"teaching","warning","Excessive line breaks in text","Text has 24 line breaks. May create visual fragmentation."
"singles_communication_skills","act_3_expressing_needs",3,"reflection","warning","Reflection card missing reflection text","Reflection cards should have reflection prompt text"
"singles_communication_skills","act_3_expressing_needs",4,"reflection","warning","Reflection card missing reflection text","Reflection cards should have reflection prompt text"
"singles_communication_skills","act_4_validation",3,"reflection","warning","Reflection card missing reflection text","Reflection cards should have reflection prompt text"
"singles_communication_skills","act_4_validation",4,"reflection","warning","Reflection card missing reflection text","Reflection cards should have reflection prompt text"
"singles_communication_skills","act_5_healthy_conflict",4,"reflection","warning","Reflection card missing reflection text","Reflection cards should have reflection prompt text"
"singles_communication_skills","act_6_repair_skills",3,"reflection","warning","Reflection card missing reflection text","Reflection cards should have reflection prompt text"
"singles_communication_skills","act_6_repair_skills",4,"reflection","warning","Reflection card missing reflection text","Reflection cards should have reflection prompt text"
"singles_communication_skills","act_7_truth_in_love",3,"reflection","warning","Reflection card missing reflection text","Reflection cards should have reflection prompt text"
"singles_communication_skills","act_7_truth_in_love",4,"reflection","warning","Reflection card missing reflection text","Reflection cards should have reflection prompt text"
"singles_communication_skills","act_8_communication_styles",3,"reflection","warning","Reflection card missing reflection text","Reflection cards should have reflection prompt text"
"singles_communication_skills","act_8_communication_styles",4,"reflection","warning","Reflection card missing reflection text","Reflection cards should have reflection prompt text"
"singles_communication_skills","act_9_nonverbal",3,"reflection","warning","Reflection card missing reflection text","Reflection cards should have reflection prompt text"
"singles_communication_skills","act_9_nonverbal",4,"reflection","warning","Reflection card missing reflection text","Reflection cards should have reflection prompt text"
"singles_communication_skills","act_10_stress_communication",3,"reflection","warning","Reflection card missing reflection text","Reflection cards should have reflection prompt text"
"singles_communication_skills","act_10_stress_communication",4,"reflection","warning","Reflection card missing reflection text","Reflection cards should have reflection prompt text"
"singles_communication_skills","act_11_communication_rituals",3,"reflection","warning","Reflection card missing reflection text","Reflection cards should have reflection prompt text"
"singles_communication_skills","act_11_communication_rituals",4,"reflection","warning","Reflection card missing reflection text","Reflection cards should have reflection prompt text"
"singles_communication_skills","act_12_communication_commitment",1,"reflection","warning","Reflection card missing reflection text","Reflection cards should have reflection prompt text"
"singles_communication_skills","act_12_communication_commitment",4,"reflection","warning","Reflection card missing reflection text","Reflection cards should have reflection prompt text"
"singles_compatibility_values","act_1_chemistry_vs_compatibility",2,"teaching","warning","Excessive line breaks in text","Text has 30 line breaks. May create visual fragmentation."
"singles_compatibility_values","act_1_chemistry_vs_compatibility",3,"reflection","warning","Reflection card missing reflection text","Reflection cards should have reflection prompt text"
"singles_compatibility_values","act_1_chemistry_vs_compatibility",5,"reflection","warning","Reflection card missing reflection text","Reflection cards should have reflection prompt text"
"singles_compatibility_values","act_2_core_values",2,"reflection","warning","Reflection card missing reflection text","Reflection cards should have reflection prompt text"
"singles_compatibility_values","act_2_core_values",4,"reflection","warning","Reflection card missing reflection text","Reflection cards should have reflection prompt text"
"singles_compatibility_values","act_3_faith_compatibility",3,"reflection","warning","Reflection card missing reflection text","Reflection cards should have reflection prompt text"
"singles_compatibility_values","act_3_faith_compatibility",4,"reflection","warning","Reflection card missing reflection text","Reflection cards should have reflection prompt text"
"singles_compatibility_values","act_4_family_children",2,"reflection","warning","Reflection card missing reflection text","Reflection cards should have reflection prompt text"
"singles_compatibility_values","act_4_family_children",4,"reflection","warning","Reflection card missing reflection text","Reflection cards should have reflection prompt text"
"singles_compatibility_values","act_4_family_children",5,"reflection","warning","Reflection card missing reflection text","Reflection cards should have reflection prompt text"
"singles_compatibility_values","act_5_financial_compatibility",3,"reflection","warning","Reflection card missing reflection text","Reflection cards should have reflection prompt text"
"singles_compatibility_values","act_5_financial_compatibility",4,"reflection","warning","Reflection card missing reflection text","Reflection cards should have reflection prompt text"
"singles_compatibility_values","act_6_life_vision",3,"reflection","warning","Reflection card missing reflection text","Reflection cards should have reflection prompt text"
"singles_compatibility_values","act_6_life_vision",4,"reflection","warning","Reflection card missing reflection text","Reflection cards should have reflection prompt text"
"singles_compatibility_values","act_7_communication_conflict",2,"reflection","warning","Reflection card missing reflection text","Reflection cards should have reflection prompt text"
"singles_compatibility_values","act_7_communication_conflict",4,"reflection","warning","Reflection card missing reflection text","Reflection cards should have reflection prompt text"
"singles_compatibility_values","act_8_emotional_needs",0,"teaching","warning","Excessive line breaks in text","Text has 22 line breaks. May create visual fragmentation."
"singles_compatibility_values","act_8_emotional_needs",3,"reflection","warning","Reflection card missing reflection text","Reflection cards should have reflection prompt text"
"singles_compatibility_values","act_8_emotional_needs",4,"reflection","warning","Reflection card missing reflection text","Reflection cards should have reflection prompt text"
"singles_compatibility_values","act_9_roles_expectations",3,"reflection","warning","Reflection card missing reflection text","Reflection cards should have reflection prompt text"
"singles_compatibility_values","act_9_roles_expectations",4,"reflection","warning","Reflection card missing reflection text","Reflection cards should have reflection prompt text"
"singles_compatibility_values","act_10_handling_differences",3,"reflection","warning","Reflection card missing reflection text","Reflection cards should have reflection prompt text"
"singles_compatibility_values","act_10_handling_differences",4,"reflection","warning","Reflection card missing reflection text","Reflection cards should have reflection prompt text"
"singles_compatibility_values","act_11_hard_conversations",3,"reflection","warning","Reflection card missing reflection text","Reflection cards should have reflection prompt text"
"singles_compatibility_values","act_11_hard_conversations",4,"reflection","warning","Reflection card missing reflection text","Reflection cards should have reflection prompt text"
"singles_compatibility_values","act_12_compatibility_assessment",2,"reflection","warning","Reflection card missing reflection text","Reflection cards should have reflection prompt text"
"singles_compatibility_values","act_12_compatibility_assessment",4,"reflection","warning","Reflection card missing reflection text","Reflection cards should have reflection prompt text"
"singles_dating_purpose","act_1_dating_problem",2,"reflection","warning","Reflection card missing reflection text","Reflection cards should have reflection prompt text"
"singles_dating_purpose","act_1_dating_problem",4,"reflection","warning","Reflection card missing reflection text","Reflection cards should have reflection prompt text"
"singles_dating_purpose","act_2_covenant_mindset",1,"teaching","warning","Excessive line breaks in text","Text has 22 line breaks. May create visual fragmentation."
"singles_dating_purpose","act_2_covenant_mindset",2,"reflection","warning","Reflection card missing reflection text","Reflection cards should have reflection prompt text"
"singles_dating_purpose","act_2_covenant_mindset",4,"reflection","warning","Reflection card missing reflection text","Reflection cards should have reflection prompt text"
"singles_dating_purpose","act_3_what_to_evaluate",1,"teaching","warning","Excessive line breaks in text","Text has 24 line breaks. May create visual fragmentation."
"singles_dating_purpose","act_3_what_to_evaluate",2,"reflection","warning","Reflection card missing reflection text","Reflection cards should have reflection prompt text"
"singles_dating_purpose","act_3_what_to_evaluate",3,"reflection","warning","Reflection card missing reflection text","Reflection cards should have reflection prompt text"
"singles_dating_purpose","act_3_what_to_evaluate",5,"reflection","warning","Reflection card missing reflection text","Reflection cards should have reflection prompt text"
"singles_dating_purpose","act_4_pacing_dating",2,"reflection","warning","Reflection card missing reflection text","Reflection cards should have reflection prompt text"
"singles_dating_purpose","act_4_pacing_dating",4,"reflection","warning","Reflection card missing reflection text","Reflection cards should have reflection prompt text"
"singles_dating_purpose","act_5_intentional_practices",0,"teaching","warning","Excessive line breaks in text","Text has 26 line breaks. May create visual fragmentation."
"singles_dating_purpose","act_5_intentional_practices",3,"reflection","warning","Reflection card missing reflection text","Reflection cards should have reflection prompt text"
"singles_dating_purpose","act_5_intentional_practices",4,"reflection","warning","Reflection card missing reflection text","Reflection cards should have reflection prompt text"
"singles_dating_purpose","act_6_dating_stages",0,"teaching","warning","Excessive line breaks in text","Text has 26 line breaks. May create visual fragmentation."
"singles_dating_purpose","act_6_dating_stages",2,"reflection","warning","Reflection card missing reflection text","Reflection cards should have reflection prompt text"
"singles_dating_purpose","act_6_dating_stages",4,"reflection","warning","Reflection card missing reflection text","Reflection cards should have reflection prompt text"
"singles_dating_purpose","act_7_continue_or_end",2,"reflection","warning","Reflection card missing reflection text","Reflection cards should have reflection prompt text"
"singles_dating_purpose","act_7_continue_or_end",5,"reflection","warning","Reflection card missing reflection text","Reflection cards should have reflection prompt text"
"singles_dating_purpose","act_8_ending_well",3,"reflection","warning","Reflection card missing reflection text","Reflection cards should have reflection prompt text"
"singles_dating_purpose","act_8_ending_well",4,"reflection","warning","Reflection card missing reflection text","Reflection cards should have reflection prompt text"
"singles_dating_purpose","act_9_involving_others",2,"action","warning","Unmatched markdown pattern (underscores)","Text has odd number of __ - likely unclosed italic"
"singles_dating_purpose","act_9_involving_others",3,"reflection","warning","Reflection card missing reflection text","Reflection cards should have reflection prompt text"
"singles_dating_purpose","act_9_involving_others",4,"reflection","warning","Reflection card missing reflection text","Reflection cards should have reflection prompt text"
"singles_dating_purpose","act_10_spiritual_alignment",2,"reflection","warning","Reflection card missing reflection text","Reflection cards should have reflection prompt text"
"singles_dating_purpose","act_10_spiritual_alignment",4,"reflection","warning","Reflection card missing reflection text","Reflection cards should have reflection prompt text"
"singles_dating_purpose","act_11_engagement_readiness",3,"reflection","warning","Reflection card missing reflection text","Reflection cards should have reflection prompt text"
"singles_dating_purpose","act_11_engagement_readiness",4,"reflection","warning","Reflection card missing reflection text","Reflection cards should have reflection prompt text"
"singles_dating_purpose","act_12_purposeful_commitment",1,"reflection","warning","Reflection card missing reflection text","Reflection cards should have reflection prompt text"
"singles_dating_purpose","act_12_purposeful_commitment",4,"reflection","warning","Reflection card missing reflection text","Reflection cards should have reflection prompt text"
"singles_emotional_intelligence","act_1_eq_foundation",1,"teaching","warning","Excessive line breaks in text","Text has 24 line breaks. May create visual fragmentation."
"singles_emotional_intelligence","act_1_eq_foundation",3,"reflection","warning","Reflection card missing reflection text","Reflection cards should have reflection prompt text"
"singles_emotional_intelligence","act_1_eq_foundation",5,"reflection","warning","Reflection card missing reflection text","Reflection cards should have reflection prompt text"
"singles_emotional_intelligence","act_2_self_awareness_emotions",0,"teaching","warning","Excessive line breaks in text","Text has 23 line breaks. May create visual fragmentation."
"singles_emotional_intelligence","act_2_self_awareness_emotions",3,"reflection","warning","Reflection card missing reflection text","Reflection cards should have reflection prompt text"
"singles_emotional_intelligence","act_2_self_awareness_emotions",5,"reflection","warning","Reflection card missing reflection text","Reflection cards should have reflection prompt text"
"singles_emotional_intelligence","act_3_trigger_mapping",2,"reflection","warning","Reflection card missing reflection text","Reflection cards should have reflection prompt text"
"singles_emotional_intelligence","act_3_trigger_mapping",3,"reflection","warning","Reflection card missing reflection text","Reflection cards should have reflection prompt text"
"singles_emotional_intelligence","act_3_trigger_mapping",6,"reflection","warning","Reflection card missing reflection text","Reflection cards should have reflection prompt text"
"singles_emotional_intelligence","act_4_emotional_regulation",3,"reflection","warning","Reflection card missing reflection text","Reflection cards should have reflection prompt text"
"singles_emotional_intelligence","act_4_emotional_regulation",5,"reflection","warning","Reflection card missing reflection text","Reflection cards should have reflection prompt text"
"singles_emotional_intelligence","act_5_reading_others",3,"reflection","warning","Reflection card missing reflection text","Reflection cards should have reflection prompt text"
"singles_emotional_intelligence","act_5_reading_others",5,"reflection","warning","Reflection card missing reflection text","Reflection cards should have reflection prompt text"
"singles_emotional_intelligence","act_6_empathy_development",0,"teaching","warning","Excessive line breaks in text","Text has 22 line breaks. May create visual fragmentation."
"singles_emotional_intelligence","act_6_empathy_development",2,"teaching","warning","Excessive line breaks in text","Text has 32 line breaks. May create visual fragmentation."
"singles_emotional_intelligence","act_6_empathy_development",5,"reflection","warning","Reflection card missing reflection text","Reflection cards should have reflection prompt text"
"singles_emotional_intelligence","act_7_respond_not_react",0,"teaching","warning","Excessive line breaks in text","Text has 25 line breaks. May create visual fragmentation."
"singles_emotional_intelligence","act_7_respond_not_react",3,"reflection","warning","Reflection card missing reflection text","Reflection cards should have reflection prompt text"
"singles_emotional_intelligence","act_7_respond_not_react",4,"teaching","warning","Excessive line breaks in text","Text has 22 line breaks. May create visual fragmentation."
"singles_emotional_intelligence","act_7_respond_not_react",5,"reflection","warning","Reflection card missing reflection text","Reflection cards should have reflection prompt text"
"singles_emotional_intelligence","act_8_emotional_maturity",0,"teaching","warning","Excessive line breaks in text","Text has 22 line breaks. May create visual fragmentation."
"singles_emotional_intelligence","act_8_emotional_maturity",1,"teaching","warning","Excessive line breaks in text","Text has 32 line breaks. May create visual fragmentation."
"singles_emotional_intelligence","act_8_emotional_maturity",3,"reflection","warning","Reflection card missing reflection text","Reflection cards should have reflection prompt text"
"singles_emotional_intelligence","act_8_emotional_maturity",5,"reflection","warning","Reflection card missing reflection text","Reflection cards should have reflection prompt text"
"singles_emotional_intelligence","act_9_handling_criticism",1,"teaching","warning","Excessive line breaks in text","Text has 27 line breaks. May create visual fragmentation."
"singles_emotional_intelligence","act_9_handling_criticism",2,"reflection","warning","Reflection card missing reflection text","Reflection cards should have reflection prompt text"
"singles_emotional_intelligence","act_9_handling_criticism",5,"reflection","warning","Reflection card missing reflection text","Reflection cards should have reflection prompt text"
"singles_emotional_intelligence","act_10_giving_feedback",0,"teaching","warning","Excessive line breaks in text","Text has 26 line breaks. May create visual fragmentation."
"singles_emotional_intelligence","act_10_giving_feedback",1,"teaching","warning","Excessive line breaks in text","Text has 35 line breaks. May create visual fragmentation."
"singles_emotional_intelligence","act_10_giving_feedback",3,"reflection","warning","Reflection card missing reflection text","Reflection cards should have reflection prompt text"
"singles_emotional_intelligence","act_10_giving_feedback",5,"reflection","warning","Reflection card missing reflection text","Reflection cards should have reflection prompt text"
"singles_emotional_intelligence","act_11_emotional_resilience",2,"reflection","warning","Reflection card missing reflection text","Reflection cards should have reflection prompt text"
"singles_emotional_intelligence","act_11_emotional_resilience",4,"teaching","warning","Excessive line breaks in text","Text has 26 line breaks. May create visual fragmentation."
"singles_emotional_intelligence","act_11_emotional_resilience",5,"reflection","warning","Reflection card missing reflection text","Reflection cards should have reflection prompt text"
"singles_emotional_intelligence","act_12_eq_integration",1,"reflection","warning","Reflection card missing reflection text","Reflection cards should have reflection prompt text"
"singles_emotional_intelligence","act_12_eq_integration",3,"teaching","warning","Excessive line breaks in text","Text has 30 line breaks. May create visual fragmentation."
"singles_emotional_intelligence","act_12_eq_integration",4,"reflection","warning","Reflection card missing reflection text","Reflection cards should have reflection prompt text"
"singles_emotional_readiness","act_1_readiness_audit",1,"teaching","warning","Excessive line breaks in text","Text has 24 line breaks. May create visual fragmentation."
"singles_emotional_readiness","act_1_readiness_audit",3,"reflection","warning","Reflection card missing reflection text","Reflection cards should have reflection prompt text"
"singles_emotional_readiness","act_1_readiness_audit",4,"teaching","warning","Excessive line breaks in text","Text has 28 line breaks. May create visual fragmentation."
"singles_emotional_readiness","act_1_readiness_audit",6,"reflection","warning","Reflection card missing reflection text","Reflection cards should have reflection prompt text"
"singles_emotional_readiness","act_2_conflict_capacity",0,"teaching","warning","Excessive line breaks in text","Text has 24 line breaks. May create visual fragmentation."
"singles_emotional_readiness","act_2_conflict_capacity",1,"teaching","warning","Excessive line breaks in text","Text has 24 line breaks. May create visual fragmentation."
"singles_emotional_readiness","act_2_conflict_capacity",3,"reflection","warning","Reflection card missing reflection text","Reflection cards should have reflection prompt text"
"singles_emotional_readiness","act_2_conflict_capacity",5,"reflection","warning","Reflection card missing reflection text","Reflection cards should have reflection prompt text"
"singles_emotional_readiness","act_3_emotional_flooding",1,"teaching","warning","Excessive line breaks in text","Text has 23 line breaks. May create visual fragmentation."
"singles_emotional_readiness","act_3_emotional_flooding",2,"reflection","warning","Reflection card missing reflection text","Reflection cards should have reflection prompt text"
"singles_emotional_readiness","act_3_emotional_flooding",5,"reflection","warning","Reflection card missing reflection text","Reflection cards should have reflection prompt text"
"singles_emotional_readiness","act_4_vulnerability_capacity",2,"reflection","warning","Reflection card missing reflection text","Reflection cards should have reflection prompt text"
"singles_emotional_readiness","act_4_vulnerability_capacity",3,"teaching","warning","Excessive line breaks in text","Text has 30 line breaks. May create visual fragmentation."
"singles_emotional_readiness","act_4_vulnerability_capacity",5,"reflection","warning","Reflection card missing reflection text","Reflection cards should have reflection prompt text"
"singles_emotional_readiness","act_5_emotional_self_sufficiency",0,"teaching","warning","Excessive line breaks in text","Text has 22 line breaks. May create visual fragmentation."
"singles_emotional_readiness","act_5_emotional_self_sufficiency",1,"teaching","warning","Excessive line breaks in text","Text has 26 line breaks. May create visual fragmentation."
"singles_emotional_readiness","act_5_emotional_self_sufficiency",2,"reflection","warning","Reflection card missing reflection text","Reflection cards should have reflection prompt text"
"singles_emotional_readiness","act_5_emotional_self_sufficiency",5,"reflection","warning","Reflection card missing reflection text","Reflection cards should have reflection prompt text"
"singles_emotional_readiness","act_6_sacrificial_capacity",0,"teaching","warning","Excessive line breaks in text","Text has 28 line breaks. May create visual fragmentation."
"singles_emotional_readiness","act_6_sacrificial_capacity",2,"reflection","warning","Reflection card missing reflection text","Reflection cards should have reflection prompt text"
"singles_emotional_readiness","act_6_sacrificial_capacity",3,"reflection","warning","Reflection card missing reflection text","Reflection cards should have reflection prompt text"
"singles_emotional_readiness","act_6_sacrificial_capacity",6,"reflection","warning","Reflection card missing reflection text","Reflection cards should have reflection prompt text"
"singles_emotional_readiness","act_7_realistic_expectations",0,"teaching","warning","Excessive line breaks in text","Text has 24 line breaks. May create visual fragmentation."
"singles_emotional_readiness","act_7_realistic_expectations",2,"reflection","warning","Reflection card missing reflection text","Reflection cards should have reflection prompt text"
"singles_emotional_readiness","act_7_realistic_expectations",3,"teaching","warning","Excessive line breaks in text","Text has 32 line breaks. May create visual fragmentation."
"singles_emotional_readiness","act_7_realistic_expectations",5,"reflection","warning","Reflection card missing reflection text","Reflection cards should have reflection prompt text"
"singles_emotional_readiness","act_8_hard_seasons",1,"teaching","warning","Excessive line breaks in text","Text has 36 line breaks. May create visual fragmentation."
"singles_emotional_readiness","act_8_hard_seasons",2,"reflection","warning","Reflection card missing reflection text","Reflection cards should have reflection prompt text"
"singles_emotional_readiness","act_8_hard_seasons",3,"teaching","warning","Excessive line breaks in text","Text has 26 line breaks. May create visual fragmentation."
"singles_emotional_readiness","act_8_hard_seasons",5,"reflection","warning","Reflection card missing reflection text","Reflection cards should have reflection prompt text"
"singles_emotional_readiness","act_9_interdependence",3,"reflection","warning","Reflection card missing reflection text","Reflection cards should have reflection prompt text"
"singles_emotional_readiness","act_9_interdependence",5,"reflection","warning","Reflection card missing reflection text","Reflection cards should have reflection prompt text"
"singles_emotional_readiness","act_10_decision_making",0,"teaching","warning","Excessive line breaks in text","Text has 26 line breaks. May create visual fragmentation."
"singles_emotional_readiness","act_10_decision_making",1,"teaching","warning","Excessive line breaks in text","Text has 29 line breaks. May create visual fragmentation."
"singles_emotional_readiness","act_10_decision_making",2,"reflection","warning","Reflection card missing reflection text","Reflection cards should have reflection prompt text"
"singles_emotional_readiness","act_10_decision_making",5,"reflection","warning","Reflection card missing reflection text","Reflection cards should have reflection prompt text"
"singles_emotional_readiness","act_11_readiness_commitment",0,"teaching","warning","Excessive line breaks in text","Text has 22 line breaks. May create visual fragmentation."
"singles_emotional_readiness","act_11_readiness_commitment",1,"reflection","warning","Reflection card missing reflection text","Reflection cards should have reflection prompt text"
"singles_emotional_readiness","act_11_readiness_commitment",4,"reflection","warning","Reflection card missing reflection text","Reflection cards should have reflection prompt text"
"singles_faith_alignment","act_1_why_spiritual_foundation",0,"teaching","warning","Excessive line breaks in text","Text has 27 line breaks. May create visual fragmentation."
"singles_faith_alignment","act_1_why_spiritual_foundation",1,"teaching","warning","Excessive line breaks in text","Text has 26 line breaks. May create visual fragmentation."
"singles_faith_alignment","act_1_why_spiritual_foundation",3,"reflection","warning","Reflection card missing reflection text","Reflection cards should have reflection prompt text"
"singles_faith_alignment","act_1_why_spiritual_foundation",4,"reflection","warning","Reflection card missing reflection text","Reflection cards should have reflection prompt text"
"singles_faith_alignment","act_2_individual_foundation",1,"action","warning","Unmatched markdown pattern (underscores)","Text has odd number of __ - likely unclosed italic"
"singles_faith_alignment","act_2_individual_foundation",2,"reflection","warning","Reflection card missing reflection text","Reflection cards should have reflection prompt text"
"singles_faith_alignment","act_2_individual_foundation",4,"reflection","warning","Reflection card missing reflection text","Reflection cards should have reflection prompt text"
"singles_faith_alignment","act_3_growing_together",0,"teaching","warning","Excessive line breaks in text","Text has 24 line breaks. May create visual fragmentation."
"singles_faith_alignment","act_3_growing_together",2,"reflection","warning","Reflection card missing reflection text","Reflection cards should have reflection prompt text"
"singles_faith_alignment","act_3_growing_together",4,"reflection","warning","Reflection card missing reflection text","Reflection cards should have reflection prompt text"
"singles_faith_alignment","act_3_growing_together",5,"reflection","warning","Reflection card missing reflection text","Reflection cards should have reflection prompt text"
"singles_faith_alignment","act_4_praying_together",1,"teaching","warning","Excessive line breaks in text","Text has 22 line breaks. May create visual fragmentation."
"singles_faith_alignment","act_4_praying_together",3,"reflection","warning","Reflection card missing reflection text","Reflection cards should have reflection prompt text"
"singles_faith_alignment","act_4_praying_together",4,"reflection","warning","Reflection card missing reflection text","Reflection cards should have reflection prompt text"
"singles_faith_alignment","act_5_faith_conversations",3,"reflection","warning","Reflection card missing reflection text","Reflection cards should have reflection prompt text"
"singles_faith_alignment","act_5_faith_conversations",4,"reflection","warning","Reflection card missing reflection text","Reflection cards should have reflection prompt text"
"singles_faith_alignment","act_6_spiritual_differences",0,"teaching","warning","Excessive line breaks in text","Text has 24 line breaks. May create visual fragmentation."
"singles_faith_alignment","act_6_spiritual_differences",3,"reflection","warning","Reflection card missing reflection text","Reflection cards should have reflection prompt text"
"singles_faith_alignment","act_6_spiritual_differences",4,"reflection","warning","Reflection card missing reflection text","Reflection cards should have reflection prompt text"
"singles_faith_alignment","act_7_growth_paces",2,"reflection","warning","Reflection card missing reflection text","Reflection cards should have reflection prompt text"
"singles_faith_alignment","act_7_growth_paces",3,"reflection","warning","Reflection card missing reflection text","Reflection cards should have reflection prompt text"
"singles_faith_alignment","act_8_church_community",3,"reflection","warning","Reflection card missing reflection text","Reflection cards should have reflection prompt text"
"singles_faith_alignment","act_8_church_community",4,"reflection","warning","Reflection card missing reflection text","Reflection cards should have reflection prompt text"
"singles_faith_alignment","act_9_spiritual_leadership",2,"reflection","warning","Reflection card missing reflection text","Reflection cards should have reflection prompt text"
"singles_faith_alignment","act_9_spiritual_leadership",4,"reflection","warning","Reflection card missing reflection text","Reflection cards should have reflection prompt text"
"singles_faith_alignment","act_10_marriage_vision",1,"reflection","warning","Reflection card missing reflection text","Reflection cards should have reflection prompt text"
"singles_faith_alignment","act_10_marriage_vision",4,"reflection","warning","Reflection card missing reflection text","Reflection cards should have reflection prompt text"
"singles_faith_alignment","act_11_foundation_commitment",2,"reflection","warning","Reflection card missing reflection text","Reflection cards should have reflection prompt text"
"singles_faith_alignment","act_11_foundation_commitment",4,"reflection","warning","Reflection card missing reflection text","Reflection cards should have reflection prompt text"
"singles_fear_commitment","act_1_recognizing_patterns",4,"reflection","warning","Reflection card missing reflection text","Reflection cards should have reflection prompt text"
"singles_fear_commitment","act_2_roots_fear",4,"reflection","warning","Reflection card missing reflection text","Reflection cards should have reflection prompt text"
"singles_fear_commitment","act_5_sabotage_mechanisms",3,"reflection","warning","Reflection card missing reflection text","Reflection cards should have reflection prompt text"
"singles_fear_commitment","act_11_freedom_commitment",0,"reflection","warning","Reflection card missing reflection text","Reflection cards should have reflection prompt text"
"singles_financial_readiness","act_1_money_marriage",4,"reflection","warning","Reflection card missing reflection text","Reflection cards should have reflection prompt text"
"singles_financial_readiness","act_2_money_mindset",2,"reflection","warning","Reflection card missing reflection text","Reflection cards should have reflection prompt text"
"singles_financial_readiness","act_2_money_mindset",5,"reflection","warning","Reflection card missing reflection text","Reflection cards should have reflection prompt text"
"singles_financial_readiness","act_4_debt_freedom",4,"reflection","warning","Reflection card missing reflection text","Reflection cards should have reflection prompt text"
"singles_financial_readiness","act_6_giving",3,"reflection","warning","Reflection card missing reflection text","Reflection cards should have reflection prompt text"
"singles_financial_readiness","act_7_emergency_fund",4,"reflection","warning","Reflection card missing reflection text","Reflection cards should have reflection prompt text"
"singles_financial_readiness","act_8_money_conversations",4,"reflection","warning","Reflection card missing reflection text","Reflection cards should have reflection prompt text"
"singles_financial_readiness","act_11_action_plan",0,"reflection","warning","Reflection card missing reflection text","Reflection cards should have reflection prompt text"
"singles_healing_past_wounds","act_1_wounds_you_carry",0,"teaching","warning","Excessive line breaks in text","Text has 30 line breaks. May create visual fragmentation."
"singles_healing_past_wounds","act_1_wounds_you_carry",1,"teaching","warning","Excessive line breaks in text","Text has 24 line breaks. May create visual fragmentation."
"singles_healing_past_wounds","act_1_wounds_you_carry",2,"teaching","warning","Excessive line breaks in text","Text has 22 line breaks. May create visual fragmentation."
"singles_healing_past_wounds","act_1_wounds_you_carry",3,"reflection","warning","Reflection card missing reflection text","Reflection cards should have reflection prompt text"
"singles_healing_past_wounds","act_1_wounds_you_carry",4,"reflection","warning","Reflection card missing reflection text","Reflection cards should have reflection prompt text"
"singles_healing_past_wounds","act_1_wounds_you_carry",6,"reflection","warning","Reflection card missing reflection text","Reflection cards should have reflection prompt text"
"singles_healing_past_wounds","act_2_types_of_wounds",0,"teaching","warning","Excessive line breaks in text","Text has 25 line breaks. May create visual fragmentation."
"singles_healing_past_wounds","act_2_types_of_wounds",2,"teaching","warning","Excessive line breaks in text","Text has 24 line breaks. May create visual fragmentation."
"singles_healing_past_wounds","act_2_types_of_wounds",3,"reflection","warning","Reflection card missing reflection text","Reflection cards should have reflection prompt text"
"singles_healing_past_wounds","act_2_types_of_wounds",4,"reflection","warning","Reflection card missing reflection text","Reflection cards should have reflection prompt text"
"singles_healing_past_wounds","act_2_types_of_wounds",6,"reflection","warning","Reflection card missing reflection text","Reflection cards should have reflection prompt text"
"singles_healing_past_wounds","act_3_grieving_losses",1,"teaching","warning","Excessive line breaks in text","Text has 22 line breaks. May create visual fragmentation."
"singles_healing_past_wounds","act_3_grieving_losses",2,"reflection","warning","Reflection card missing reflection text","Reflection cards should have reflection prompt text"
"singles_healing_past_wounds","act_3_grieving_losses",5,"reflection","warning","Reflection card missing reflection text","Reflection cards should have reflection prompt text"
"singles_healing_past_wounds","act_4_releasing_bitterness",0,"teaching","warning","Excessive line breaks in text","Text has 24 line breaks. May create visual fragmentation."
"singles_healing_past_wounds","act_4_releasing_bitterness",1,"teaching","warning","Excessive line breaks in text","Text has 30 line breaks. May create visual fragmentation."
"singles_healing_past_wounds","act_4_releasing_bitterness",2,"reflection","warning","Reflection card missing reflection text","Reflection cards should have reflection prompt text"
"singles_healing_past_wounds","act_4_releasing_bitterness",5,"reflection","warning","Reflection card missing reflection text","Reflection cards should have reflection prompt text"
"singles_healing_past_wounds","act_5_trusting_yourself",2,"reflection","warning","Reflection card missing reflection text","Reflection cards should have reflection prompt text"
"singles_healing_past_wounds","act_5_trusting_yourself",3,"teaching","warning","Excessive line breaks in text","Text has 26 line breaks. May create visual fragmentation."
"singles_healing_past_wounds","act_5_trusting_yourself",5,"reflection","warning","Reflection card missing reflection text","Reflection cards should have reflection prompt text"
"singles_healing_past_wounds","act_6_rebound_trap",0,"teaching","warning","Excessive line breaks in text","Text has 22 line breaks. May create visual fragmentation."
"singles_healing_past_wounds","act_6_rebound_trap",1,"teaching","warning","Excessive line breaks in text","Text has 22 line breaks. May create visual fragmentation."
"singles_healing_past_wounds","act_6_rebound_trap",2,"reflection","warning","Reflection card missing reflection text","Reflection cards should have reflection prompt text"
"singles_healing_past_wounds","act_6_rebound_trap",5,"reflection","warning","Reflection card missing reflection text","Reflection cards should have reflection prompt text"
"singles_healing_past_wounds","act_7_rewriting_narrative",2,"reflection","warning","Reflection card missing reflection text","Reflection cards should have reflection prompt text"
"singles_healing_past_wounds","act_7_rewriting_narrative",5,"reflection","warning","Reflection card missing reflection text","Reflection cards should have reflection prompt text"
"singles_healing_past_wounds","act_8_recognizing_healthy",1,"teaching","warning","Excessive line breaks in text","Text has 42 line breaks. May create visual fragmentation."
"singles_healing_past_wounds","act_8_recognizing_healthy",2,"reflection","warning","Reflection card missing reflection text","Reflection cards should have reflection prompt text"
"singles_healing_past_wounds","act_8_recognizing_healthy",5,"reflection","warning","Reflection card missing reflection text","Reflection cards should have reflection prompt text"
"singles_healing_past_wounds","act_9_opening_again",1,"teaching","warning","Excessive line breaks in text","Text has 34 line breaks. May create visual fragmentation."
"singles_healing_past_wounds","act_9_opening_again",2,"reflection","warning","Reflection card missing reflection text","Reflection cards should have reflection prompt text"
"singles_healing_past_wounds","act_9_opening_again",5,"reflection","warning","Reflection card missing reflection text","Reflection cards should have reflection prompt text"
"singles_healing_past_wounds","act_10_boundaries_openness",0,"teaching","warning","Excessive line breaks in text","Text has 26 line breaks. May create visual fragmentation."
"singles_healing_past_wounds","act_10_boundaries_openness",1,"teaching","warning","Excessive line breaks in text","Text has 24 line breaks. May create visual fragmentation."
"singles_healing_past_wounds","act_10_boundaries_openness",2,"reflection","warning","Reflection card missing reflection text","Reflection cards should have reflection prompt text"
"singles_healing_past_wounds","act_10_boundaries_openness",4,"reflection","warning","Reflection card missing reflection text","Reflection cards should have reflection prompt text"
"singles_healing_past_wounds","act_11_moving_forward",1,"reflection","warning","Reflection card missing reflection text","Reflection cards should have reflection prompt text"
"singles_healing_past_wounds","act_11_moving_forward",2,"teaching","warning","Excessive line breaks in text","Text has 30 line breaks. May create visual fragmentation."
"singles_healing_past_wounds","act_11_moving_forward",4,"reflection","warning","Reflection card missing reflection text","Reflection cards should have reflection prompt text"
"singles_healthy_boundaries","act_1_what_boundaries_are",1,"teaching","warning","Excessive line breaks in text","Text has 26 line breaks. May create visual fragmentation."
"singles_healthy_boundaries","act_1_what_boundaries_are",2,"teaching","warning","Excessive line breaks in text","Text has 24 line breaks. May create visual fragmentation."
"singles_healthy_boundaries","act_1_what_boundaries_are",3,"reflection","warning","Reflection card missing reflection text","Reflection cards should have reflection prompt text"
"singles_healthy_boundaries","act_1_what_boundaries_are",5,"reflection","warning","Reflection card missing reflection text","Reflection cards should have reflection prompt text"
"singles_healthy_boundaries","act_2_boundary_patterns",3,"reflection","warning","Reflection card missing reflection text","Reflection cards should have reflection prompt text"
"singles_healthy_boundaries","act_2_boundary_patterns",5,"reflection","warning","Reflection card missing reflection text","Reflection cards should have reflection prompt text"
"singles_healthy_boundaries","act_3_physical_boundaries",0,"teaching","warning","Excessive line breaks in text","Text has 26 line breaks. May create visual fragmentation."
"singles_healthy_boundaries","act_3_physical_boundaries",3,"reflection","warning","Reflection card missing reflection text","Reflection cards should have reflection prompt text"
"singles_healthy_boundaries","act_3_physical_boundaries",5,"reflection","warning","Reflection card missing reflection text","Reflection cards should have reflection prompt text"
"singles_healthy_boundaries","act_4_emotional_boundaries",1,"teaching","warning","Excessive line breaks in text","Text has 21 line breaks. May create visual fragmentation."
"singles_healthy_boundaries","act_4_emotional_boundaries",2,"reflection","warning","Reflection card missing reflection text","Reflection cards should have reflection prompt text"
"singles_healthy_boundaries","act_4_emotional_boundaries",3,"reflection","warning","Reflection card missing reflection text","Reflection cards should have reflection prompt text"
"singles_healthy_boundaries","act_4_emotional_boundaries",6,"reflection","warning","Reflection card missing reflection text","Reflection cards should have reflection prompt text"
"singles_healthy_boundaries","act_5_opposite_sex_friendships",1,"teaching","warning","Excessive line breaks in text","Text has 28 line breaks. May create visual fragmentation."
"singles_healthy_boundaries","act_5_opposite_sex_friendships",2,"reflection","warning","Reflection card missing reflection text","Reflection cards should have reflection prompt text"
"singles_healthy_boundaries","act_5_opposite_sex_friendships",5,"reflection","warning","Reflection card missing reflection text","Reflection cards should have reflection prompt text"
"singles_healthy_boundaries","act_6_communicating_boundaries",3,"reflection","warning","Reflection card missing reflection text","Reflection cards should have reflection prompt text"
"singles_healthy_boundaries","act_6_communicating_boundaries",4,"teaching","warning","Excessive line breaks in text","Text has 21 line breaks. May create visual fragmentation."
"singles_healthy_boundaries","act_6_communicating_boundaries",5,"reflection","warning","Reflection card missing reflection text","Reflection cards should have reflection prompt text"
"singles_healthy_boundaries","act_7_boundary_violations",3,"reflection","warning","Reflection card missing reflection text","Reflection cards should have reflection prompt text"
"singles_healthy_boundaries","act_7_boundary_violations",5,"reflection","warning","Reflection card missing reflection text","Reflection cards should have reflection prompt text"
"singles_healthy_boundaries","act_8_boundary_guilt",1,"teaching","warning","Excessive line breaks in text","Text has 26 line breaks. May create visual fragmentation."
"singles_healthy_boundaries","act_8_boundary_guilt",2,"reflection","warning","Reflection card missing reflection text","Reflection cards should have reflection prompt text"
"singles_healthy_boundaries","act_8_boundary_guilt",4,"reflection","warning","Reflection card missing reflection text","Reflection cards should have reflection prompt text"
"singles_healthy_boundaries","act_9_respecting_others",1,"teaching","warning","Excessive line breaks in text","Text has 28 line breaks. May create visual fragmentation."
"singles_healthy_boundaries","act_9_respecting_others",2,"reflection","warning","Reflection card missing reflection text","Reflection cards should have reflection prompt text"
"singles_healthy_boundaries","act_9_respecting_others",4,"reflection","warning","Reflection card missing reflection text","Reflection cards should have reflection prompt text"
"singles_healthy_boundaries","act_10_boundary_failure",1,"teaching","warning","Excessive line breaks in text","Text has 28 line breaks. May create visual fragmentation."
"singles_healthy_boundaries","act_10_boundary_failure",2,"reflection","warning","Reflection card missing reflection text","Reflection cards should have reflection prompt text"
"singles_healthy_boundaries","act_10_boundary_failure",5,"reflection","warning","Reflection card missing reflection text","Reflection cards should have reflection prompt text"
"singles_healthy_boundaries","act_11_boundary_plan",2,"reflection","warning","Reflection card missing reflection text","Reflection cards should have reflection prompt text"
"singles_healthy_boundaries","act_11_boundary_plan",4,"reflection","warning","Reflection card missing reflection text","Reflection cards should have reflection prompt text"
"singles_identity_self_worth","act_1_mirror_test",2,"reflection","warning","Reflection card missing reflection text","Reflection cards should have reflection prompt text"
"singles_identity_self_worth","act_1_mirror_test",5,"reflection","warning","Reflection card missing reflection text","Reflection cards should have reflection prompt text"
"singles_identity_self_worth","act_2_origin_story",2,"reflection","warning","Reflection card missing reflection text","Reflection cards should have reflection prompt text"
"singles_identity_self_worth","act_2_origin_story",3,"reflection","warning","Reflection card missing reflection text","Reflection cards should have reflection prompt text"
"singles_identity_self_worth","act_2_origin_story",5,"reflection","warning","Reflection card missing reflection text","Reflection cards should have reflection prompt text"
"singles_identity_self_worth","act_3_cultural_distortion",3,"reflection","warning","Reflection card missing reflection text","Reflection cards should have reflection prompt text"
"singles_identity_self_worth","act_4_enemy_tactics",3,"reflection","warning","Reflection card missing reflection text","Reflection cards should have reflection prompt text"
"singles_identity_self_worth","act_4_enemy_tactics",4,"teaching","warning","Excessive line breaks in text","Text has 23 line breaks. May create visual fragmentation."
"singles_identity_self_worth","act_4_enemy_tactics",5,"reflection","warning","Reflection card missing reflection text","Reflection cards should have reflection prompt text"
"singles_identity_self_worth","act_5_rebuilding_foundation",0,"teaching","warning","Excessive line breaks in text","Text has 24 line breaks. May create visual fragmentation."
"singles_identity_self_worth","act_5_rebuilding_foundation",2,"reflection","warning","Reflection card missing reflection text","Reflection cards should have reflection prompt text"
"singles_identity_self_worth","act_5_rebuilding_foundation",3,"reflection","warning","Reflection card missing reflection text","Reflection cards should have reflection prompt text"
"singles_identity_self_worth","act_5_rebuilding_foundation",5,"reflection","warning","Reflection card missing reflection text","Reflection cards should have reflection prompt text"
"singles_identity_self_worth","act_6_beauty_trap",2,"teaching","warning","Excessive line breaks in text","Text has 24 line breaks. May create visual fragmentation."
"singles_identity_self_worth","act_6_beauty_trap",3,"reflection","warning","Reflection card missing reflection text","Reflection cards should have reflection prompt text"
"singles_identity_self_worth","act_6_beauty_trap",6,"reflection","warning","Reflection card missing reflection text","Reflection cards should have reflection prompt text"
"singles_identity_self_worth","act_7_character_over_currency",3,"reflection","warning","Reflection card missing reflection text","Reflection cards should have reflection prompt text"
"singles_identity_self_worth","act_8_rejection_wounds",2,"reflection","warning","Reflection card missing reflection text","Reflection cards should have reflection prompt text"
"singles_identity_self_worth","act_8_rejection_wounds",5,"reflection","warning","Reflection card missing reflection text","Reflection cards should have reflection prompt text"
"singles_identity_self_worth","act_9_inner_voice",0,"teaching","warning","Excessive line breaks in text","Text has 22 line breaks. May create visual fragmentation."
"singles_identity_self_worth","act_9_inner_voice",1,"reflection","warning","Reflection card missing reflection text","Reflection cards should have reflection prompt text"
"singles_identity_self_worth","act_9_inner_voice",5,"reflection","warning","Reflection card missing reflection text","Reflection cards should have reflection prompt text"
"singles_identity_self_worth","act_10_identity_boundaries",2,"reflection","warning","Reflection card missing reflection text","Reflection cards should have reflection prompt text"
"singles_identity_self_worth","act_10_identity_boundaries",5,"reflection","warning","Reflection card missing reflection text","Reflection cards should have reflection prompt text"
"singles_identity_self_worth","act_11_identity_attraction",2,"reflection","warning","Reflection card missing reflection text","Reflection cards should have reflection prompt text"
"singles_identity_self_worth","act_11_identity_attraction",5,"reflection","warning","Reflection card missing reflection text","Reflection cards should have reflection prompt text"
"singles_identity_self_worth","act_12_living_from_identity",1,"reflection","warning","Reflection card missing reflection text","Reflection cards should have reflection prompt text"
"singles_identity_self_worth","act_12_living_from_identity",3,"teaching","warning","Excessive line breaks in text","Text has 28 line breaks. May create visual fragmentation."
"singles_identity_self_worth","act_12_living_from_identity",4,"reflection","warning","Reflection card missing reflection text","Reflection cards should have reflection prompt text"
"singles_purity_discipline","act_1_sexuality_design",4,"reflection","warning","Reflection card missing reflection text","Reflection cards should have reflection prompt text"
"singles_purity_discipline","act_2_cultural_lies",4,"reflection","warning","Reflection card missing reflection text","Reflection cards should have reflection prompt text"
"singles_purity_discipline","act_3_vulnerability_patterns",2,"reflection","warning","Reflection card missing reflection text","Reflection cards should have reflection prompt text"
"singles_purity_discipline","act_3_vulnerability_patterns",5,"reflection","warning","Reflection card missing reflection text","Reflection cards should have reflection prompt text"
"singles_purity_discipline","act_10_grace_recovery",4,"reflection","warning","Reflection card missing reflection text","Reflection cards should have reflection prompt text"
"singles_purity_discipline","act_11_marriage_preparation",3,"reflection","warning","Reflection card missing reflection text","Reflection cards should have reflection prompt text"
"singles_red_flags","act_1_why_we_miss",0,"teaching","warning","Excessive line breaks in text","Text has 24 line breaks. May create visual fragmentation."
"singles_red_flags","act_1_why_we_miss",2,"teaching","warning","Excessive line breaks in text","Text has 22 line breaks. May create visual fragmentation."
"singles_red_flags","act_1_why_we_miss",3,"reflection","warning","Reflection card missing reflection text","Reflection cards should have reflection prompt text"
"singles_red_flags","act_1_why_we_miss",5,"reflection","warning","Reflection card missing reflection text","Reflection cards should have reflection prompt text"
"singles_red_flags","act_2_character_red_flags",0,"teaching","warning","Excessive line breaks in text","Text has 26 line breaks. May create visual fragmentation."
"singles_red_flags","act_2_character_red_flags",1,"teaching","warning","Excessive line breaks in text","Text has 24 line breaks. May create visual fragmentation."
"singles_red_flags","act_2_character_red_flags",2,"teaching","warning","Excessive line breaks in text","Text has 28 line breaks. May create visual fragmentation."
"singles_red_flags","act_2_character_red_flags",3,"reflection","warning","Reflection card missing reflection text","Reflection cards should have reflection prompt text"
"singles_red_flags","act_2_character_red_flags",5,"reflection","warning","Reflection card missing reflection text","Reflection cards should have reflection prompt text"
"singles_red_flags","act_3_control_manipulation",0,"teaching","warning","Excessive line breaks in text","Text has 26 line breaks. May create visual fragmentation."
"singles_red_flags","act_3_control_manipulation",1,"teaching","warning","Excessive line breaks in text","Text has 32 line breaks. May create visual fragmentation."
"singles_red_flags","act_3_control_manipulation",2,"reflection","warning","Reflection card missing reflection text","Reflection cards should have reflection prompt text"
"singles_red_flags","act_3_control_manipulation",3,"teaching","warning","Excessive line breaks in text","Text has 28 line breaks. May create visual fragmentation."
"singles_red_flags","act_3_control_manipulation",5,"reflection","warning","Reflection card missing reflection text","Reflection cards should have reflection prompt text"
"singles_red_flags","act_3_control_manipulation",6,"reflection","warning","Reflection card missing reflection text","Reflection cards should have reflection prompt text"
"singles_red_flags","act_4_emotional_immaturity",0,"teaching","warning","Excessive line breaks in text","Text has 32 line breaks. May create visual fragmentation."
"singles_red_flags","act_4_emotional_immaturity",2,"reflection","warning","Reflection card missing reflection text","Reflection cards should have reflection prompt text"
"singles_red_flags","act_4_emotional_immaturity",4,"reflection","warning","Reflection card missing reflection text","Reflection cards should have reflection prompt text"
"singles_red_flags","act_5_anger_conflict",0,"teaching","warning","Excessive line breaks in text","Text has 34 line breaks. May create visual fragmentation."
"singles_red_flags","act_5_anger_conflict",1,"teaching","warning","Excessive line breaks in text","Text has 38 line breaks. May create visual fragmentation."
"singles_red_flags","act_5_anger_conflict",2,"teaching","warning","Excessive line breaks in text","Text has 22 line breaks. May create visual fragmentation."
"singles_red_flags","act_5_anger_conflict",3,"reflection","warning","Reflection card missing reflection text","Reflection cards should have reflection prompt text"
"singles_red_flags","act_5_anger_conflict",4,"reflection","warning","Reflection card missing reflection text","Reflection cards should have reflection prompt text"
"singles_red_flags","act_6_addiction_dependency",0,"teaching","warning","Excessive line breaks in text","Text has 32 line breaks. May create visual fragmentation."
"singles_red_flags","act_6_addiction_dependency",1,"teaching","warning","Excessive line breaks in text","Text has 32 line breaks. May create visual fragmentation."
"singles_red_flags","act_6_addiction_dependency",3,"reflection","warning","Reflection card missing reflection text","Reflection cards should have reflection prompt text"
"singles_red_flags","act_6_addiction_dependency",4,"reflection","warning","Reflection card missing reflection text","Reflection cards should have reflection prompt text"
"singles_red_flags","act_7_spiritual_values",0,"teaching","warning","Excessive line breaks in text","Text has 24 line breaks. May create visual fragmentation."
"singles_red_flags","act_7_spiritual_values",1,"teaching","warning","Excessive line breaks in text","Text has 24 line breaks. May create visual fragmentation."
"singles_red_flags","act_7_spiritual_values",2,"reflection","warning","Reflection card missing reflection text","Reflection cards should have reflection prompt text"
"singles_red_flags","act_7_spiritual_values",4,"reflection","warning","Reflection card missing reflection text","Reflection cards should have reflection prompt text"
"singles_red_flags","act_8_relational_history",0,"teaching","warning","Excessive line breaks in text","Text has 28 line breaks. May create visual fragmentation."
"singles_red_flags","act_8_relational_history",1,"teaching","warning","Excessive line breaks in text","Text has 22 line breaks. May create visual fragmentation."
"singles_red_flags","act_8_relational_history",3,"reflection","warning","Reflection card missing reflection text","Reflection cards should have reflection prompt text"
"singles_red_flags","act_8_relational_history",4,"reflection","warning","Reflection card missing reflection text","Reflection cards should have reflection prompt text"
"singles_red_flags","act_9_trusting_instincts",1,"teaching","warning","Excessive line breaks in text","Text has 26 line breaks. May create visual fragmentation."
"singles_red_flags","act_9_trusting_instincts",2,"reflection","warning","Reflection card missing reflection text","Reflection cards should have reflection prompt text"
"singles_red_flags","act_9_trusting_instincts",4,"reflection","warning","Reflection card missing reflection text","Reflection cards should have reflection prompt text"
"singles_red_flags","act_10_responding_to_flags",3,"reflection","warning","Reflection card missing reflection text","Reflection cards should have reflection prompt text"
"singles_red_flags","act_10_responding_to_flags",4,"reflection","warning","Reflection card missing reflection text","Reflection cards should have reflection prompt text"
"singles_red_flags","act_11_exit_plan",2,"teaching","warning","Excessive line breaks in text","Text has 30 line breaks. May create visual fragmentation."
"singles_red_flags","act_11_exit_plan",3,"reflection","warning","Reflection card missing reflection text","Reflection cards should have reflection prompt text"
"singles_red_flags","act_11_exit_plan",4,"reflection","warning","Reflection card missing reflection text","Reflection cards should have reflection prompt text"
"singles_red_flags","act_12_discernment_commitment",1,"reflection","warning","Reflection card missing reflection text","Reflection cards should have reflection prompt text"
"singles_red_flags","act_12_discernment_commitment",4,"reflection","warning","Reflection card missing reflection text","Reflection cards should have reflection prompt text"
"singles_secure_confidence","act_1_confidence_paradox",0,"teaching","warning","Excessive line breaks in text","Text has 35 line breaks. May create visual fragmentation."
"singles_secure_confidence","act_1_confidence_paradox",3,"reflection","warning","Reflection card missing reflection text","Reflection cards should have reflection prompt text"
"singles_secure_confidence","act_1_confidence_paradox",5,"reflection","warning","Reflection card missing reflection text","Reflection cards should have reflection prompt text"
"singles_secure_confidence","act_2_imposter_fear",0,"teaching","warning","Excessive line breaks in text","Text has 24 line breaks. May create visual fragmentation."
"singles_secure_confidence","act_2_imposter_fear",1,"teaching","warning","Excessive line breaks in text","Text has 24 line breaks. May create visual fragmentation."
"singles_secure_confidence","act_2_imposter_fear",2,"reflection","warning","Reflection card missing reflection text","Reflection cards should have reflection prompt text"
"singles_secure_confidence","act_2_imposter_fear",3,"teaching","warning","Excessive line breaks in text","Text has 26 line breaks. May create visual fragmentation."
"singles_secure_confidence","act_2_imposter_fear",5,"reflection","warning","Reflection card missing reflection text","Reflection cards should have reflection prompt text"
"singles_secure_confidence","act_3_internal_anchor",2,"reflection","warning","Reflection card missing reflection text","Reflection cards should have reflection prompt text"
"singles_secure_confidence","act_3_internal_anchor",5,"reflection","warning","Reflection card missing reflection text","Reflection cards should have reflection prompt text"
"singles_secure_confidence","act_4_rejection_resilience",0,"teaching","warning","Excessive line breaks in text","Text has 22 line breaks. May create visual fragmentation."
"singles_secure_confidence","act_4_rejection_resilience",2,"reflection","warning","Reflection card missing reflection text","Reflection cards should have reflection prompt text"
"singles_secure_confidence","act_4_rejection_resilience",4,"reflection","warning","Reflection card missing reflection text","Reflection cards should have reflection prompt text"
"singles_secure_confidence","act_4_rejection_resilience",6,"reflection","warning","Reflection card missing reflection text","Reflection cards should have reflection prompt text"
"singles_secure_confidence","act_5_dating_anxiety",1,"teaching","warning","Excessive line breaks in text","Text has 21 line breaks. May create visual fragmentation."
"singles_secure_confidence","act_5_dating_anxiety",3,"reflection","warning","Reflection card missing reflection text","Reflection cards should have reflection prompt text"
"singles_secure_confidence","act_5_dating_anxiety",5,"reflection","warning","Reflection card missing reflection text","Reflection cards should have reflection prompt text"
"singles_secure_confidence","act_6_confident_presence",1,"teaching","warning","Excessive line breaks in text","Text has 28 line breaks. May create visual fragmentation."
"singles_secure_confidence","act_6_confident_presence",3,"reflection","warning","Reflection card missing reflection text","Reflection cards should have reflection prompt text"
"singles_secure_confidence","act_6_confident_presence",5,"reflection","warning","Reflection card missing reflection text","Reflection cards should have reflection prompt text"
"singles_secure_confidence","act_7_conversation_confidence",0,"teaching","warning","Excessive line breaks in text","Text has 22 line breaks. May create visual fragmentation."
"singles_secure_confidence","act_7_conversation_confidence",1,"teaching","warning","Excessive line breaks in text","Text has 28 line breaks. May create visual fragmentation."
"singles_secure_confidence","act_7_conversation_confidence",3,"reflection","warning","Reflection card missing reflection text","Reflection cards should have reflection prompt text"
"singles_secure_confidence","act_7_conversation_confidence",5,"reflection","warning","Reflection card missing reflection text","Reflection cards should have reflection prompt text"
"singles_secure_confidence","act_8_own_standards",0,"teaching","warning","Excessive line breaks in text","Text has 24 line breaks. May create visual fragmentation."
"singles_secure_confidence","act_8_own_standards",1,"teaching","warning","Excessive line breaks in text","Text has 26 line breaks. May create visual fragmentation."
"singles_secure_confidence","act_8_own_standards",2,"reflection","warning","Reflection card missing reflection text","Reflection cards should have reflection prompt text"
"singles_secure_confidence","act_8_own_standards",5,"reflection","warning","Reflection card missing reflection text","Reflection cards should have reflection prompt text"
"singles_secure_confidence","act_9_comparison_trap",2,"reflection","warning","Reflection card missing reflection text","Reflection cards should have reflection prompt text"
"singles_secure_confidence","act_9_comparison_trap",5,"reflection","warning","Reflection card missing reflection text","Reflection cards should have reflection prompt text"
"singles_secure_confidence","act_10_confidence_through_action",0,"teaching","warning","Excessive line breaks in text","Text has 26 line breaks. May create visual fragmentation."
"singles_secure_confidence","act_10_confidence_through_action",3,"reflection","warning","Reflection card missing reflection text","Reflection cards should have reflection prompt text"
"singles_secure_confidence","act_10_confidence_through_action",5,"reflection","warning","Reflection card missing reflection text","Reflection cards should have reflection prompt text"
"singles_secure_confidence","act_11_confident_identity",0,"teaching","warning","Excessive line breaks in text","Text has 24 line breaks. May create visual fragmentation."
"singles_secure_confidence","act_11_confident_identity",1,"reflection","warning","Reflection card missing reflection text","Reflection cards should have reflection prompt text"
"singles_secure_confidence","act_11_confident_identity",4,"reflection","warning","Reflection card missing reflection text","Reflection cards should have reflection prompt text"
"singles_sexual_chemistry","act_1_attraction_gift",2,"reflection","warning","Reflection card missing reflection text","Reflection cards should have reflection prompt text"
"singles_sexual_chemistry","act_1_attraction_gift",4,"reflection","warning","Reflection card missing reflection text","Reflection cards should have reflection prompt text"
"singles_sexual_chemistry","act_2_biblical_purity",3,"reflection","warning","Reflection card missing reflection text","Reflection cards should have reflection prompt text"
"singles_sexual_chemistry","act_2_biblical_purity",4,"reflection","warning","Reflection card missing reflection text","Reflection cards should have reflection prompt text"
"singles_sexual_chemistry","act_3_vulnerability_patterns",2,"reflection","warning","Reflection card missing reflection text","Reflection cards should have reflection prompt text"
"singles_sexual_chemistry","act_3_vulnerability_patterns",3,"reflection","warning","Reflection card missing reflection text","Reflection cards should have reflection prompt text"
"singles_sexual_chemistry","act_3_vulnerability_patterns",5,"reflection","warning","Reflection card missing reflection text","Reflection cards should have reflection prompt text"
"singles_sexual_chemistry","act_4_practical_strategies",0,"teaching","warning","Excessive line breaks in text","Text has 22 line breaks. May create visual fragmentation."
"singles_sexual_chemistry","act_4_practical_strategies",1,"teaching","warning","Excessive line breaks in text","Text has 24 line breaks. May create visual fragmentation."
"singles_sexual_chemistry","act_4_practical_strategies",3,"reflection","warning","Reflection card missing reflection text","Reflection cards should have reflection prompt text"
"singles_sexual_chemistry","act_4_practical_strategies",4,"reflection","warning","Reflection card missing reflection text","Reflection cards should have reflection prompt text"
"singles_sexual_chemistry","act_5_accountability",0,"teaching","warning","Excessive line breaks in text","Text has 24 line breaks. May create visual fragmentation."
"singles_sexual_chemistry","act_5_accountability",3,"reflection","warning","Reflection card missing reflection text","Reflection cards should have reflection prompt text"
"singles_sexual_chemistry","act_5_accountability",4,"reflection","warning","Reflection card missing reflection text","Reflection cards should have reflection prompt text"
"singles_sexual_chemistry","act_6_partner_communication",3,"reflection","warning","Reflection card missing reflection text","Reflection cards should have reflection prompt text"
"singles_sexual_chemistry","act_6_partner_communication",4,"reflection","warning","Reflection card missing reflection text","Reflection cards should have reflection prompt text"
"singles_sexual_chemistry","act_7_when_you_fall",3,"reflection","warning","Reflection card missing reflection text","Reflection cards should have reflection prompt text"
"singles_sexual_chemistry","act_7_when_you_fall",4,"reflection","warning","Reflection card missing reflection text","Reflection cards should have reflection prompt text"
"singles_sexual_chemistry","act_8_mind_purity",1,"teaching","warning","Excessive line breaks in text","Text has 26 line breaks. May create visual fragmentation."
"singles_sexual_chemistry","act_8_mind_purity",2,"teaching","warning","Excessive line breaks in text","Text has 24 line breaks. May create visual fragmentation."
"singles_sexual_chemistry","act_8_mind_purity",3,"reflection","warning","Reflection card missing reflection text","Reflection cards should have reflection prompt text"
"singles_sexual_chemistry","act_8_mind_purity",4,"reflection","warning","Reflection card missing reflection text","Reflection cards should have reflection prompt text"
"singles_sexual_chemistry","act_9_preparing_for_marriage",2,"reflection","warning","Reflection card missing reflection text","Reflection cards should have reflection prompt text"
"singles_sexual_chemistry","act_9_preparing_for_marriage",3,"reflection","warning","Reflection card missing reflection text","Reflection cards should have reflection prompt text"
"singles_sexual_chemistry","act_10_partner_struggles",1,"teaching","warning","Excessive line breaks in text","Text has 22 line breaks. May create visual fragmentation."
"singles_sexual_chemistry","act_10_partner_struggles",2,"teaching","warning","Excessive line breaks in text","Text has 26 line breaks. May create visual fragmentation."
"singles_sexual_chemistry","act_10_partner_struggles",3,"reflection","warning","Reflection card missing reflection text","Reflection cards should have reflection prompt text"
"singles_sexual_chemistry","act_10_partner_struggles",4,"reflection","warning","Reflection card missing reflection text","Reflection cards should have reflection prompt text"
"singles_sexual_chemistry","act_11_purity_commitment",2,"reflection","warning","Reflection card missing reflection text","Reflection cards should have reflection prompt text"
"singles_sexual_chemistry","act_11_purity_commitment",4,"reflection","warning","Reflection card missing reflection text","Reflection cards should have reflection prompt text"
"singles_toxic_triggers","act_1_hidden_landmines",0,"teaching","warning","Excessive line breaks in text","Text has 29 line breaks. May create visual fragmentation."
"singles_toxic_triggers","act_1_hidden_landmines",1,"teaching","warning","Excessive line breaks in text","Text has 22 line breaks. May create visual fragmentation."
"singles_toxic_triggers","act_1_hidden_landmines",2,"teaching","warning","Excessive line breaks in text","Text has 26 line breaks. May create visual fragmentation."
"singles_toxic_triggers","act_1_hidden_landmines",3,"reflection","warning","Reflection card missing reflection text","Reflection cards should have reflection prompt text"
"singles_toxic_triggers","act_1_hidden_landmines",5,"reflection","warning","Reflection card missing reflection text","Reflection cards should have reflection prompt text"
"singles_toxic_triggers","act_2_trigger_categories",3,"reflection","warning","Reflection card missing reflection text","Reflection cards should have reflection prompt text"
"singles_toxic_triggers","act_2_trigger_categories",5,"reflection","warning","Reflection card missing reflection text","Reflection cards should have reflection prompt text"
"singles_toxic_triggers","act_3_trigger_origins",0,"teaching","warning","Excessive line breaks in text","Text has 26 line breaks. May create visual fragmentation."
"singles_toxic_triggers","act_3_trigger_origins",1,"teaching","warning","Excessive line breaks in text","Text has 22 line breaks. May create visual fragmentation."
"singles_toxic_triggers","act_3_trigger_origins",2,"reflection","warning","Reflection card missing reflection text","Reflection cards should have reflection prompt text"
"singles_toxic_triggers","act_3_trigger_origins",3,"reflection","warning","Reflection card missing reflection text","Reflection cards should have reflection prompt text"
"singles_toxic_triggers","act_3_trigger_origins",4,"teaching","warning","Excessive line breaks in text","Text has 30 line breaks. May create visual fragmentation."
"singles_toxic_triggers","act_3_trigger_origins",6,"reflection","warning","Reflection card missing reflection text","Reflection cards should have reflection prompt text"
"singles_toxic_triggers","act_4_triggers_in_relationship",0,"teaching","warning","Excessive line breaks in text","Text has 30 line breaks. May create visual fragmentation."
"singles_toxic_triggers","act_4_triggers_in_relationship",1,"teaching","warning","Excessive line breaks in text","Text has 36 line breaks. May create visual fragmentation."
"singles_toxic_triggers","act_4_triggers_in_relationship",2,"reflection","warning","Reflection card missing reflection text","Reflection cards should have reflection prompt text"
"singles_toxic_triggers","act_4_triggers_in_relationship",3,"teaching","warning","Excessive line breaks in text","Text has 30 line breaks. May create visual fragmentation."
"singles_toxic_triggers","act_4_triggers_in_relationship",5,"reflection","warning","Reflection card missing reflection text","Reflection cards should have reflection prompt text"
"singles_toxic_triggers","act_5_early_warning",0,"teaching","warning","Excessive line breaks in text","Text has 24 line breaks. May create visual fragmentation."
"singles_toxic_triggers","act_5_early_warning",1,"reflection","warning","Reflection card missing reflection text","Reflection cards should have reflection prompt text"
"singles_toxic_triggers","act_5_early_warning",2,"teaching","warning","Excessive line breaks in text","Text has 26 line breaks. May create visual fragmentation."
"singles_toxic_triggers","act_5_early_warning",5,"reflection","warning","Reflection card missing reflection text","Reflection cards should have reflection prompt text"
"singles_toxic_triggers","act_6_in_moment_response",0,"teaching","warning","Excessive line breaks in text","Text has 25 line breaks. May create visual fragmentation."
"singles_toxic_triggers","act_6_in_moment_response",3,"reflection","warning","Reflection card missing reflection text","Reflection cards should have reflection prompt text"
"singles_toxic_triggers","act_6_in_moment_response",4,"teaching","warning","Excessive line breaks in text","Text has 22 line breaks. May create visual fragmentation."
"singles_toxic_triggers","act_6_in_moment_response",5,"reflection","warning","Reflection card missing reflection text","Reflection cards should have reflection prompt text"
"singles_toxic_triggers","act_7_communicating_triggers",0,"teaching","warning","Excessive line breaks in text","Text has 24 line breaks. May create visual fragmentation."
"singles_toxic_triggers","act_7_communicating_triggers",3,"reflection","warning","Reflection card missing reflection text","Reflection cards should have reflection prompt text"
"singles_toxic_triggers","act_7_communicating_triggers",4,"teaching","warning","Excessive line breaks in text","Text has 22 line breaks. May create visual fragmentation."
"singles_toxic_triggers","act_7_communicating_triggers",5,"reflection","warning","Reflection card missing reflection text","Reflection cards should have reflection prompt text"
"singles_toxic_triggers","act_8_healing_source",0,"teaching","warning","Excessive line breaks in text","Text has 22 line breaks. May create visual fragmentation."
"singles_toxic_triggers","act_8_healing_source",1,"teaching","warning","Excessive line breaks in text","Text has 30 line breaks. May create visual fragmentation."
"singles_toxic_triggers","act_8_healing_source",2,"reflection","warning","Reflection card missing reflection text","Reflection cards should have reflection prompt text"
"singles_toxic_triggers","act_8_healing_source",5,"reflection","warning","Reflection card missing reflection text","Reflection cards should have reflection prompt text"
"singles_toxic_triggers","act_9_repair_after_trigger",1,"teaching","warning","Excessive line breaks in text","Text has 30 line breaks. May create visual fragmentation."
"singles_toxic_triggers","act_9_repair_after_trigger",3,"reflection","warning","Reflection card missing reflection text","Reflection cards should have reflection prompt text"
"singles_toxic_triggers","act_9_repair_after_trigger",5,"reflection","warning","Reflection card missing reflection text","Reflection cards should have reflection prompt text"
"singles_toxic_triggers","act_10_trigger_plan",2,"reflection","warning","Reflection card missing reflection text","Reflection cards should have reflection prompt text"
"singles_toxic_triggers","act_10_trigger_plan",4,"reflection","warning","Reflection card missing reflection text","Reflection cards should have reflection prompt text"
"singles_unhealthy_family_patterns","act_1_invisible_inheritance",0,"teaching","warning","Excessive line breaks in text","Text has 24 line breaks. May create visual fragmentation."
"singles_unhealthy_family_patterns","act_1_invisible_inheritance",3,"reflection","warning","Reflection card missing reflection text","Reflection cards should have reflection prompt text"
"singles_unhealthy_family_patterns","act_1_invisible_inheritance",4,"reflection","warning","Reflection card missing reflection text","Reflection cards should have reflection prompt text"
"singles_unhealthy_family_patterns","act_1_invisible_inheritance",6,"reflection","warning","Reflection card missing reflection text","Reflection cards should have reflection prompt text"
"singles_unhealthy_family_patterns","act_2_conflict_patterns",0,"teaching","warning","Excessive line breaks in text","Text has 24 line breaks. May create visual fragmentation."
"singles_unhealthy_family_patterns","act_2_conflict_patterns",3,"reflection","warning","Reflection card missing reflection text","Reflection cards should have reflection prompt text"
"singles_unhealthy_family_patterns","act_2_conflict_patterns",4,"teaching","warning","Excessive line breaks in text","Text has 32 line breaks. May create visual fragmentation."
"singles_unhealthy_family_patterns","act_2_conflict_patterns",6,"reflection","warning","Reflection card missing reflection text","Reflection cards should have reflection prompt text"
"singles_unhealthy_family_patterns","act_3_love_expression",0,"teaching","warning","Excessive line breaks in text","Text has 28 line breaks. May create visual fragmentation."
"singles_unhealthy_family_patterns","act_3_love_expression",2,"reflection","warning","Reflection card missing reflection text","Reflection cards should have reflection prompt text"
"singles_unhealthy_family_patterns","act_3_love_expression",3,"reflection","warning","Reflection card missing reflection text","Reflection cards should have reflection prompt text"
"singles_unhealthy_family_patterns","act_3_love_expression",4,"reflection","warning","Reflection card missing reflection text","Reflection cards should have reflection prompt text"
"singles_unhealthy_family_patterns","act_3_love_expression",7,"reflection","warning","Reflection card missing reflection text","Reflection cards should have reflection prompt text"
"singles_unhealthy_family_patterns","act_4_parents_marriage",2,"reflection","warning","Reflection card missing reflection text","Reflection cards should have reflection prompt text"
"singles_unhealthy_family_patterns","act_4_parents_marriage",3,"reflection","warning","Reflection card missing reflection text","Reflection cards should have reflection prompt text"
"singles_unhealthy_family_patterns","act_4_parents_marriage",4,"teaching","warning","Excessive line breaks in text","Text has 36 line breaks. May create visual fragmentation."
"singles_unhealthy_family_patterns","act_4_parents_marriage",6,"reflection","warning","Reflection card missing reflection text","Reflection cards should have reflection prompt text"
"singles_unhealthy_family_patterns","act_5_generational_cycles",0,"teaching","warning","Excessive line breaks in text","Text has 26 line breaks. May create visual fragmentation."
"singles_unhealthy_family_patterns","act_5_generational_cycles",1,"reflection","warning","Reflection card missing reflection text","Reflection cards should have reflection prompt text"
"singles_unhealthy_family_patterns","act_5_generational_cycles",4,"action","warning","Unmatched markdown pattern (underscores)","Text has odd number of __ - likely unclosed italic"
"singles_unhealthy_family_patterns","act_5_generational_cycles",5,"reflection","warning","Reflection card missing reflection text","Reflection cards should have reflection prompt text"
"singles_unhealthy_family_patterns","act_6_grieving_family",0,"teaching","warning","Excessive line breaks in text","Text has 30 line breaks. May create visual fragmentation."
"singles_unhealthy_family_patterns","act_6_grieving_family",1,"reflection","warning","Reflection card missing reflection text","Reflection cards should have reflection prompt text"
"singles_unhealthy_family_patterns","act_6_grieving_family",3,"action","warning","Unmatched markdown pattern (underscores)","Text has odd number of __ - likely unclosed italic"
"singles_unhealthy_family_patterns","act_6_grieving_family",5,"reflection","warning","Reflection card missing reflection text","Reflection cards should have reflection prompt text"
"singles_unhealthy_family_patterns","act_7_forgiving_family",0,"teaching","warning","Excessive line breaks in text","Text has 26 line breaks. May create visual fragmentation."
"singles_unhealthy_family_patterns","act_7_forgiving_family",2,"reflection","warning","Reflection card missing reflection text","Reflection cards should have reflection prompt text"
"singles_unhealthy_family_patterns","act_7_forgiving_family",5,"reflection","warning","Reflection card missing reflection text","Reflection cards should have reflection prompt text"
"singles_unhealthy_family_patterns","act_8_family_boundaries",0,"teaching","warning","Excessive line breaks in text","Text has 26 line breaks. May create visual fragmentation."
"singles_unhealthy_family_patterns","act_8_family_boundaries",1,"teaching","warning","Excessive line breaks in text","Text has 28 line breaks. May create visual fragmentation."
"singles_unhealthy_family_patterns","act_8_family_boundaries",2,"reflection","warning","Reflection card missing reflection text","Reflection cards should have reflection prompt text"
"singles_unhealthy_family_patterns","act_8_family_boundaries",5,"reflection","warning","Reflection card missing reflection text","Reflection cards should have reflection prompt text"
"singles_unhealthy_family_patterns","act_9_healing_conversations",2,"reflection","warning","Reflection card missing reflection text","Reflection cards should have reflection prompt text"
"singles_unhealthy_family_patterns","act_9_healing_conversations",5,"reflection","warning","Reflection card missing reflection text","Reflection cards should have reflection prompt text"
"singles_unhealthy_family_patterns","act_10_family_vision",1,"reflection","warning","Reflection card missing reflection text","Reflection cards should have reflection prompt text"
"singles_unhealthy_family_patterns","act_10_family_vision",5,"reflection","warning","Reflection card missing reflection text","Reflection cards should have reflection prompt text"
"singles_unhealthy_family_patterns","act_11_new_legacy",1,"reflection","warning","Reflection card missing reflection text","Reflection cards should have reflection prompt text"
"singles_unhealthy_family_patterns","act_11_new_legacy",2,"teaching","warning","Excessive line breaks in text","Text has 26 line breaks. May create visual fragmentation."
"singles_unhealthy_family_patterns","act_11_new_legacy",4,"reflection","warning","Reflection card missing reflection text","Reflection cards should have reflection prompt text"
"widowed_dealing_with_loneliness","act_2_loneliness_vs_isolation",5,"action","warning","Unmatched markdown pattern (asterisks)","Text has odd number of ** - likely unclosed bold"
"widowed_dealing_with_loneliness","act_6_the_hardest_times",2,"teaching","warning","Unmatched markdown pattern (asterisks)","Text has odd number of ** - likely unclosed bold"
"widowed_holidays_anniversaries","act_6_new_traditions",1,"teaching","warning","Unmatched markdown pattern (asterisks)","Text has odd number of ** - likely unclosed bold"
"widowed_holidays_anniversaries","act_9_support_system",5,"action","warning","Unmatched markdown pattern (asterisks)","Text has odd number of ** - likely unclosed bold"
"widowed_honoring_memory","act_1_memory_and_life",1,"teaching","warning","Unmatched markdown pattern (asterisks)","Text has odd number of ** - likely unclosed bold"
"widowed_honoring_memory","act_3_their_belongings",1,"teaching","warning","Unmatched markdown pattern (asterisks)","Text has odd number of ** - likely unclosed bold"
"widowed_honoring_memory","act_3_their_belongings",5,"action","warning","Unmatched markdown pattern (asterisks)","Text has odd number of ** - likely unclosed bold"
"widowed_honoring_memory","act_6_children_and_memory",0,"teaching","warning","Unmatched markdown pattern (asterisks)","Text has odd number of ** - likely unclosed bold"
"widowed_honoring_memory","act_7_creating_new_memories",1,"teaching","warning","Unmatched markdown pattern (asterisks)","Text has odd number of ** - likely unclosed bold"
"widowed_honoring_memory","act_7_creating_new_memories",2,"teaching","warning","Unmatched markdown pattern (asterisks)","Text has odd number of ** - likely unclosed bold"
"widowed_honoring_memory","act_8_their_presence",2,"teaching","warning","Unmatched markdown pattern (asterisks)","Text has odd number of ** - likely unclosed bold"
"widowed_honoring_memory","act_9_moving_forward",0,"teaching","warning","Unmatched markdown pattern (asterisks)","Text has odd number of ** - likely unclosed bold"
"widowed_honoring_memory","act_9_moving_forward",2,"teaching","warning","Unmatched markdown pattern (asterisks)","Text has odd number of ** - likely unclosed bold"
"widowed_honoring_memory","act_10_honoring_and_living",0,"teaching","warning","Unmatched markdown pattern (asterisks)","Text has odd number of ** - likely unclosed bold"
"widowed_honoring_memory","act_10_honoring_and_living",1,"teaching","warning","Unmatched markdown pattern (asterisks)","Text has odd number of ** - likely unclosed bold"
"widowed_honoring_memory","act_10_honoring_and_living",2,"teaching","warning","Unmatched markdown pattern (asterisks)","Text has odd number of ** - likely unclosed bold"
"widowed_kids_embrace_new_commitment","act_3_building_relationship",0,"teaching","warning","Unmatched markdown pattern (asterisks)","Text has odd number of ** - likely unclosed bold"
"widowed_kids_embrace_new_commitment","act_6_practical_changes",5,"action","warning","Unmatched markdown pattern (asterisks)","Text has odd number of ** - likely unclosed bold"
"widowed_kids_embrace_new_commitment","act_9_wedding_integration",0,"teaching","warning","Unmatched markdown pattern (asterisks)","Text has odd number of ** - likely unclosed bold"
"widowed_kids_embrace_new_commitment","act_9_wedding_integration",1,"teaching","warning","Excessive line breaks in text","Text has 28 line breaks. May create visual fragmentation."
"widowed_kids_embrace_new_commitment","act_9_wedding_integration",5,"action","warning","Unmatched markdown pattern (asterisks)","Text has odd number of ** - likely unclosed bold"
"widowed_opening_heart_new_love","act_2_guilt_and_loyalty",1,"teaching","warning","Unmatched markdown pattern (asterisks)","Text has odd number of ** - likely unclosed bold"
"widowed_opening_heart_new_love","act_5_practical_navigation",1,"teaching","warning","Unmatched markdown pattern (asterisks)","Text has odd number of ** - likely unclosed bold"
"widowed_opening_heart_new_love","act_5_practical_navigation",2,"teaching","warning","Unmatched markdown pattern (asterisks)","Text has odd number of ** - likely unclosed bold"
"widowed_opening_heart_new_love","act_10_open_heart",1,"teaching","warning","Unmatched markdown pattern (asterisks)","Text has odd number of ** - likely unclosed bold"
"widowed_opening_heart_new_love","act_10_open_heart",2,"teaching","warning","Unmatched markdown pattern (asterisks)","Text has odd number of ** - likely unclosed bold"
"widowed_preparing_new_covenant","act_2_readiness_check",1,"teaching","warning","Excessive line breaks in text","Text has 26 line breaks. May create visual fragmentation."
"widowed_preparing_new_covenant","act_9_the_wedding",1,"teaching","warning","Unmatched markdown pattern (asterisks)","Text has odd number of ** - likely unclosed bold"
"widowed_preparing_new_covenant","act_10_entering_covenant",2,"teaching","warning","Excessive line breaks in text","Text has 22 line breaks. May create visual fragmentation."
"widowed_rebuilding_life","act_1_life_dismantled",2,"teaching","warning","Unmatched markdown pattern (asterisks)","Text has odd number of ** - likely unclosed bold"
"widowed_rebuilding_life","act_2_immediate_practical",0,"teaching","warning","Unmatched markdown pattern (asterisks)","Text has odd number of ** - likely unclosed bold"
"widowed_rebuilding_life","act_14_a_life_rebuilt",0,"teaching","warning","Unmatched markdown pattern (asterisks)","Text has odd number of ** - likely unclosed bold"
"widowed_rediscovering_identity","act_1_who_am_i_now",2,"teaching","warning","Unmatched markdown pattern (asterisks)","Text has odd number of ** - likely unclosed bold"
"widowed_rediscovering_identity","act_4_the_new_you",0,"teaching","warning","Unmatched markdown pattern (asterisks)","Text has odd number of ** - likely unclosed bold"
"widowed_rediscovering_identity","act_4_the_new_you",2,"teaching","warning","Unmatched markdown pattern (asterisks)","Text has odd number of ** - likely unclosed bold"
"widowed_rediscovering_identity","act_6_purpose_question",0,"teaching","warning","Unmatched markdown pattern (asterisks)","Text has odd number of ** - likely unclosed bold"
"widowed_rediscovering_identity","act_8_others_labels",0,"teaching","warning","Unmatched markdown pattern (asterisks)","Text has odd number of ** - likely unclosed bold"
"widowed_rediscovering_identity","act_10_becoming",1,"teaching","warning","Unmatched markdown pattern (asterisks)","Text has odd number of ** - likely unclosed bold"
"widowed_staying_present_for_kids","act_2_how_children_grieve",5,"action","warning","Unmatched markdown pattern (asterisks)","Text has odd number of ** - likely unclosed bold"
"widowed_staying_present_for_kids","act_4_their_fears",5,"action","warning","Unmatched markdown pattern (asterisks)","Text has odd number of ** - likely unclosed bold"
"widowed_staying_present_for_kids","act_8_special_days",0,"teaching","warning","Unmatched markdown pattern (asterisks)","Text has odd number of ** - likely unclosed bold"
